delivery_id,order_id,route_id,carrier_id,shipped_date,delivered_date,delivery_status,sla_days,actual_delivery_days,delay_days,shipping_cost,additional_cost,total_cost,is_late,is_failed,failed_reason,failed_reason_category
D0001,O0655,R001,C002,2026-02-05,2026-02-07,Delivered,2,2,0,309.12,0,309.12,False,False,,
D0002,O0693,R015,C012,2026-03-11,2026-03-13,Delayed,1,2,1,638.14,20.31,658.45,True,False,,
D0003,O0239,R010,C009,2026-01-04,,Failed,5,,0,432.26,74.82,507.08,False,True,Weather Conditions,External Issue
D0004,O0829,R001,C014,2026-01-21,2026-01-27,Delivered,6,6,0,194.47,0,194.47,False,False,,
D0005,O0221,R006,C013,2026-01-14,2026-01-15,Delivered,1,1,0,369.36,0,369.36,False,False,,
D0006,O0353,R005,C010,2026-01-06,,Failed,6,,0,515.59,51.64,567.23,False,True,Customer Unavailable,Customer Issue
D0007,O0566,R014,C005,2026-03-22,2026-03-30,Delayed,5,8,3,808.01,87.5,895.51,True,False,,
D0008,O0047,R004,C011,2026-02-07,2026-02-11,Delayed,1,4,3,573.92,51.81,625.73,True,False,,
D0009,O0465,R014,C011,2026-02-16,2026-02-18,Delivered,2,2,0,532.13,0,532.13,False,False,,
D0010,O0274,R015,C012,2026-03-29,,Failed,6,,0,1240.97,36.93,1277.9,False,True,Wrong Address,Address Issue
D0011,O0474,R005,C007,2026-03-23,2026-03-30,Delayed,6,7,1,414.61,102.71,517.32,True,False,,
D0012,O0795,R004,C001,2026-01-05,2026-01-08,Delivered,3,3,0,237.8,0,237.8,False,False,,
D0013,O0936,R015,C010,2026-02-10,2026-02-14,Delayed,2,4,2,1074.76,110.6,1185.36,True,False,,
D0014,O0470,R005,C003,2026-01-18,,Failed,2,,2,266.96,74.3,341.26,True,True,Operational Delay,Operational Issue
D0015,O0920,R007,C010,2026-02-16,,Failed,2,,0,177.27,15.18,192.45,False,True,Weather Conditions,External Issue
D0016,O0113,R011,C003,2026-01-21,,Failed,6,,0,460.08,75.55,535.63,False,True,Customer Unavailable,Customer Issue
D0017,O0480,R005,C009,2026-03-12,2026-03-15,Delayed,1,3,2,413.6,69.07,482.67,True,False,,
D0018,O0274,R011,C013,2026-02-13,2026-02-14,Delivered,1,1,0,342.24,0,342.24,False,False,,
D0019,O0004,R015,C012,2026-02-03,2026-02-11,Delayed,5,8,3,1209.22,21.71,1230.93,True,False,,
D0020,O0641,R014,C005,2026-03-23,2026-03-29,Delayed,5,6,1,489.63,93.88,583.51,True,False,,
D0021,O0553,R015,C013,2026-03-09,2026-03-11,Delayed,1,2,1,1186.33,22.31,1208.64,True,False,,
D0022,O0372,R014,C015,2026-02-09,2026-02-11,Delivered,2,2,0,1033.51,0,1033.51,False,False,,
D0023,O0970,R002,C002,2026-03-04,,Failed,1,,3,238.79,62.28,301.07,True,True,Wrong Address,Address Issue
D0024,O0563,R005,C003,2026-03-09,2026-03-14,Delivered,5,5,0,500.12,0,500.12,False,False,,
D0025,O0774,R012,C012,2026-01-26,2026-02-01,Delivered,6,6,0,717.67,0,717.67,False,False,,
D0026,O0666,R008,C006,2026-03-08,2026-03-12,Delivered,4,4,0,181.17,0,181.17,False,False,,
D0027,O0347,R010,C001,2026-03-12,2026-03-15,Delayed,2,3,1,304.31,87.86,392.17,True,False,,
D0028,O0061,R002,C004,2026-01-05,,Failed,3,,0,295.82,63.4,359.22,False,True,Wrong Address,Address Issue
D0029,O0553,R012,C003,2026-03-15,2026-03-20,Delivered,5,5,0,616.62,0,616.62,False,False,,
D0030,O0827,R004,C007,2026-01-13,2026-01-16,Delayed,1,3,2,358.8,55.22,414.02,True,False,,
D0031,O0885,R001,C012,2026-03-28,2026-04-05,Delayed,6,8,2,140.15,90.1,230.25,True,False,,
D0032,O0820,R002,C014,2026-02-01,,Failed,2,,0,243.27,30.18,273.45,False,True,Weather Conditions,External Issue
D0033,O0474,R014,C004,2026-01-10,,Failed,4,,3,412.94,119.92,532.86,True,True,Customer Unavailable,Customer Issue
D0034,O0857,R002,C001,2026-01-31,2026-02-02,Delivered,2,2,0,372.92,0,372.92,False,False,,
D0035,O0886,R015,C007,2026-01-08,2026-01-10,Delivered,2,2,0,1782.37,0,1782.37,False,False,,
D0036,O0272,R013,C015,2026-02-28,,Failed,3,,0,523.84,42.64,566.48,False,True,Weather Conditions,External Issue
D0037,O0992,R010,C001,2026-03-11,2026-03-14,Delayed,1,3,2,334.3,74.26,408.56,True,False,,
D0038,O0515,R014,C015,2026-03-09,,Failed,2,,0,1013.51,17.54,1031.05,False,True,Customer Unavailable,Customer Issue
D0039,O0070,R014,C011,2026-01-31,,Failed,4,,0,809.19,14.37,823.56,False,True,Wrong Address,Address Issue
D0040,O0084,R011,C007,2026-03-16,2026-03-22,Delayed,5,6,1,746.05,32.47,778.52,True,False,,
D0041,O0734,R004,C006,2026-02-03,2026-02-07,Delivered,4,4,0,402.03,0,402.03,False,False,,
D0042,O0952,R015,C013,2026-01-10,,Failed,1,,0,1795.32,18.06,1813.38,False,True,Operational Delay,Operational Issue
D0043,O0219,R005,C009,2026-01-17,2026-01-20,Delivered,3,3,0,304.33,0,304.33,False,False,,
D0044,O0162,R014,C008,2026-03-11,,Failed,6,,0,380.87,99.88,480.75,False,True,Operational Delay,Operational Issue
D0045,O0307,R011,C015,2026-01-14,2026-01-16,Delivered,2,2,0,722.65,0,722.65,False,False,,
D0046,O0761,R003,C009,2026-02-04,2026-02-08,Delayed,3,4,1,523.57,32.4,555.97,True,False,,
D0047,O0650,R005,C014,2026-03-06,2026-03-10,Delivered,4,4,0,207.3,0,207.3,False,False,,
D0048,O0434,R005,C014,2026-01-06,2026-01-07,Delivered,1,1,0,397.99,0,397.99,False,False,,
D0049,O0269,R012,C003,2026-02-26,2026-03-05,Delayed,5,7,2,509.24,22.31,531.55,True,False,,
D0050,O0968,R012,C015,2026-01-20,2026-01-25,Delivered,5,5,0,519.6,0,519.6,False,False,,
D0051,O0152,R003,C007,2026-01-06,2026-01-09,Delivered,3,3,0,601.54,0,601.54,False,False,,
D0052,O0216,R004,C011,2026-03-27,,Failed,1,,0,619.01,92.44,711.45,False,True,Weather Conditions,External Issue
D0053,O0948,R004,C015,2026-01-21,2026-01-23,Delivered,2,2,0,285.33,0,285.33,False,False,,
D0054,O0947,R013,C006,2026-02-22,2026-03-03,Delayed,6,9,3,613.44,96.61,710.05,True,False,,
D0055,O0111,R014,C007,2026-01-05,2026-01-09,Delivered,4,4,0,987.44,0,987.44,False,False,,
D0056,O0472,R005,C006,2026-01-30,2026-02-01,Delivered,2,2,0,314.46,0,314.46,False,False,,
D0057,O0286,R002,C014,2026-02-05,,Failed,3,,2,448.22,102.8,551.02,True,True,Weather Conditions,External Issue
D0058,O0340,R002,C001,2026-02-03,2026-02-06,Delayed,2,3,1,204.54,75.62,280.16,True,False,,
D0059,O0354,R013,C012,2026-02-10,,Failed,4,,1,708.16,73.42,781.58,True,True,Customer Unavailable,Customer Issue
D0060,O0261,R012,C001,2026-02-25,,Failed,1,,1,414.83,17.7,432.53,True,True,Wrong Address,Address Issue
D0061,O0681,R006,C015,2026-03-21,2026-03-26,Delayed,3,5,2,524.49,43.04,567.53,True,False,,
D0062,O0317,R007,C011,2026-02-11,2026-02-17,Delayed,4,6,2,316.32,31.1,347.42,True,False,,
D0063,O0681,R011,C007,2026-01-23,2026-01-29,Delayed,5,6,1,471.16,101.71,572.87,True,False,,
D0064,O0312,R004,C005,2026-02-25,2026-03-03,Delayed,5,6,1,405.3,58.64,463.94,True,False,,
D0065,O0219,R008,C009,2026-01-22,2026-01-28,Delivered,6,6,0,253.86,0,253.86,False,False,,
D0066,O0649,R006,C010,2026-01-12,2026-01-16,Delayed,2,4,2,311.6,31.9,343.5,True,False,,
D0067,O0026,R004,C001,2026-03-02,2026-03-10,Delayed,5,8,3,401.27,107.48,508.75,True,False,,
D0068,O0590,R012,C004,2026-03-31,2026-04-04,Delivered,4,4,0,357.11,0,357.11,False,False,,
D0069,O0672,R001,C012,2026-01-14,2026-01-18,Delivered,4,4,0,326.03,0,326.03,False,False,,
D0070,O0713,R008,C009,2026-01-07,2026-01-12,Delivered,5,5,0,239.12,0,239.12,False,False,,
D0071,O0821,R011,C008,2026-03-09,2026-03-15,Delayed,5,6,1,754.02,108.06,862.08,True,False,,
D0072,O0628,R012,C014,2026-03-06,,Failed,4,,3,670.66,91.8,762.46,True,True,Weather Conditions,External Issue
D0073,O0487,R005,C008,2026-02-01,,Failed,6,,0,394.36,40.21,434.57,False,True,Weather Conditions,External Issue
D0074,O0080,R005,C012,2026-01-31,2026-02-03,Delivered,3,3,0,487.56,0,487.56,False,False,,
D0075,O0083,R003,C003,2026-01-30,2026-02-05,Delayed,4,6,2,518.76,17.07,535.83,True,False,,
D0076,O0418,R009,C006,2026-03-01,2026-03-05,Delivered,4,4,0,693.1,0,693.1,False,False,,
D0077,O0399,R013,C015,2026-03-16,,Failed,6,,0,781.58,113.7,895.28,False,True,Weather Conditions,External Issue
D0078,O0306,R007,C013,2026-02-23,,Failed,5,,2,419.34,63.71,483.05,True,True,Operational Delay,Operational Issue
D0079,O0280,R008,C007,2026-01-04,2026-01-08,Delivered,4,4,0,306.05,0,306.05,False,False,,
D0080,O0861,R015,C008,2026-01-17,2026-01-23,Delayed,5,6,1,1688.31,75.11,1763.42,True,False,,
D0081,O0679,R002,C001,2026-03-24,2026-03-28,Delivered,4,4,0,259.06,0,259.06,False,False,,
D0082,O0267,R006,C007,2026-01-28,2026-02-01,Delivered,4,4,0,542.33,0,542.33,False,False,,
D0083,O0389,R013,C005,2026-02-23,2026-03-01,Delayed,3,6,3,776.25,92.39,868.64,True,False,,
D0084,O0054,R004,C006,2026-03-25,2026-03-29,Delayed,1,4,3,526.78,114.46,641.24,True,False,,
D0085,O0205,R001,C014,2026-03-21,2026-03-23,Delivered,2,2,0,243.39,0,243.39,False,False,,
D0086,O0118,R004,C010,2026-03-01,2026-03-07,Delivered,6,6,0,280.47,0,280.47,False,False,,
D0087,O0622,R012,C012,2026-01-15,2026-01-17,Delivered,2,2,0,517.77,0,517.77,False,False,,
D0088,O0952,R010,C005,2026-03-28,2026-04-01,Delivered,4,4,0,345.6,0,345.6,False,False,,
D0089,O0708,R011,C014,2026-02-01,2026-02-04,Delayed,1,3,2,702.15,76.05,778.2,True,False,,
D0090,O0124,R010,C013,2026-01-06,2026-01-10,Delayed,3,4,1,696.91,17.59,714.5,True,False,,
D0091,O0664,R001,C006,2026-02-23,2026-02-27,Delivered,4,4,0,365.2,0,365.2,False,False,,
D0092,O0651,R014,C015,2026-02-28,2026-03-06,Delivered,6,6,0,507.1,0,507.1,False,False,,
D0093,O0535,R005,C011,2026-03-20,2026-03-28,Delayed,5,8,3,337.71,100.83,438.54,True,False,,
D0094,O0607,R006,C005,2026-02-01,2026-02-02,Delivered,1,1,0,319.86,0,319.86,False,False,,
D0095,O0476,R010,C010,2026-03-27,2026-03-31,Delivered,4,4,0,596.58,0,596.58,False,False,,
D0096,O0333,R008,C003,2026-01-28,2026-02-03,Delayed,3,6,3,210.08,106.84,316.92,True,False,,
D0097,O0719,R005,C015,2026-03-13,2026-03-15,Delayed,1,2,1,204.96,89.21,294.17,True,False,,
D0098,O0501,R013,C009,2026-01-31,2026-02-06,Delivered,6,6,0,758.54,0,758.54,False,False,,
D0099,O0018,R005,C002,2026-01-29,2026-02-04,Delayed,4,6,2,282.17,73.97,356.14,True,False,,
D0100,O0485,R009,C009,2026-02-14,,Failed,4,,2,442.94,59.91,502.85,True,True,Vehicle Breakdown,Carrier Issue
D0101,O0314,R004,C005,2026-01-16,2026-01-22,Delivered,6,6,0,260.21,0,260.21,False,False,,
D0102,O0549,R012,C013,2026-01-24,2026-01-26,Delivered,2,2,0,372.72,0,372.72,False,False,,
D0103,O0604,R009,C013,2026-03-18,2026-03-21,Delivered,3,3,0,414.05,0,414.05,False,False,,
D0104,O0370,R005,C003,2026-01-02,2026-01-09,Delayed,6,7,1,271.01,117.17,388.18,True,False,,
D0105,O0567,R012,C005,2026-01-17,2026-01-26,Delayed,6,9,3,289.24,11.35,300.59,True,False,,
D0106,O0292,R008,C008,2026-02-26,2026-03-01,Delivered,3,3,0,188.12,0,188.12,False,False,,
D0107,O0883,R002,C008,2026-01-09,2026-01-13,Delivered,4,4,0,409.27,0,409.27,False,False,,
D0108,O0703,R003,C001,2026-01-20,2026-01-25,Delivered,5,5,0,642.38,0,642.38,False,False,,
D0109,O0122,R013,C009,2026-02-23,,Failed,5,,1,1020.55,51.84,1072.39,True,True,Wrong Address,Address Issue
D0110,O0931,R005,C008,2026-03-17,,Failed,4,,0,196.08,115.61,311.69,False,True,Operational Delay,Operational Issue
D0111,O0102,R004,C013,2026-03-22,2026-03-24,Delivered,2,2,0,275.96,0,275.96,False,False,,
D0112,O0178,R002,C009,2026-01-21,2026-01-22,Delivered,1,1,0,451.96,0,451.96,False,False,,
D0113,O0482,R001,C005,2026-01-30,2026-02-04,Delayed,3,5,2,300.75,59.94,360.69,True,False,,
D0114,O0704,R015,C004,2026-02-03,2026-02-10,Delayed,6,7,1,1110.17,69.9,1180.07,True,False,,
D0115,O0664,R015,C003,2026-02-04,2026-02-06,Delivered,2,2,0,799.11,0,799.11,False,False,,
D0116,O0315,R012,C010,2026-03-14,2026-03-17,Delivered,3,3,0,464.98,0,464.98,False,False,,
D0117,O0312,R007,C012,2026-02-04,2026-02-10,Delayed,5,6,1,281.33,75.78,357.11,True,False,,
D0118,O0911,R012,C007,2026-02-11,2026-02-16,Delivered,5,5,0,283.84,0,283.84,False,False,,
D0119,O0985,R014,C011,2026-03-15,2026-03-20,Delivered,5,5,0,807.19,0,807.19,False,False,,
D0120,O0782,R003,C013,2026-03-02,2026-03-09,Delayed,5,7,2,608.91,29.96,638.87,True,False,,
D0121,O0600,R011,C007,2026-03-04,2026-03-05,Delivered,1,1,0,472.34,0,472.34,False,False,,
D0122,O0329,R002,C011,2026-01-21,2026-01-24,Delivered,3,3,0,299.52,0,299.52,False,False,,
D0123,O0968,R014,C007,2026-03-12,2026-03-13,Delivered,1,1,0,610.89,0,610.89,False,False,,
D0124,O0332,R013,C002,2026-02-21,2026-03-01,Delayed,5,8,3,926.13,69.69,995.82,True,False,,
D0125,O0424,R004,C001,2026-03-08,2026-03-12,Delayed,3,4,1,472.67,93.6,566.27,True,False,,
D0126,O0209,R009,C005,2026-01-17,2026-01-20,Delivered,3,3,0,323.14,0,323.14,False,False,,
D0127,O0997,R010,C011,2026-01-31,2026-02-06,Delivered,6,6,0,630.5,0,630.5,False,False,,
D0128,O0566,R002,C007,2026-01-29,2026-01-30,Delivered,1,1,0,436.13,0,436.13,False,False,,
D0129,O0158,R015,C008,2026-02-07,2026-02-14,Delayed,5,7,2,1098.59,63.07,1161.66,True,False,,
D0130,O0484,R008,C004,2026-03-12,2026-03-14,Delivered,2,2,0,355.47,0,355.47,False,False,,
D0131,O0521,R015,C012,2026-01-18,2026-01-19,Delivered,1,1,0,1007.85,0,1007.85,False,False,,
D0132,O0807,R005,C009,2026-01-01,2026-01-06,Delayed,3,5,2,468.12,73.79,541.91,True,False,,
D0133,O0676,R014,C008,2026-01-20,2026-01-25,Delayed,4,5,1,633.84,70.71,704.55,True,False,,
D0134,O0557,R008,C007,2026-02-11,2026-02-15,Delayed,2,4,2,267.95,35.69,303.64,True,False,,
D0135,O0795,R001,C007,2026-02-10,2026-02-16,Delivered,6,6,0,221.52,0,221.52,False,False,,
D0136,O0680,R014,C013,2026-03-25,2026-03-27,Delivered,2,2,0,469.68,0,469.68,False,False,,
D0137,O0989,R006,C010,2026-01-13,,Failed,4,,0,221.6,25.86,247.46,False,True,Weather Conditions,External Issue
D0138,O0892,R003,C011,2026-01-10,2026-01-17,Delayed,4,7,3,360.58,86.2,446.78,True,False,,
D0139,O0666,R014,C002,2026-02-12,,Failed,6,,3,1090.6,78.95,1169.55,True,True,Weather Conditions,External Issue
D0140,O0909,R008,C013,2026-03-11,2026-03-13,Delayed,1,2,1,183.69,85.28,268.97,True,False,,
D0141,O0295,R012,C004,2026-01-12,2026-01-16,Delivered,4,4,0,452.97,0,452.97,False,False,,
D0142,O0711,R015,C005,2026-01-04,2026-01-05,Delivered,1,1,0,952.04,0,952.04,False,False,,
D0143,O0384,R003,C007,2026-02-01,,Failed,5,,0,288.09,18.69,306.78,False,True,Wrong Address,Address Issue
D0144,O0892,R010,C007,2026-03-29,,Failed,2,,0,439.31,80.17,519.48,False,True,Wrong Address,Address Issue
D0145,O0471,R011,C005,2026-01-02,,Failed,4,,0,298.41,113.98,412.39,False,True,Wrong Address,Address Issue
D0146,O0602,R011,C005,2026-02-24,2026-03-02,Delivered,6,6,0,699.56,0,699.56,False,False,,
D0147,O0204,R014,C007,2026-03-03,2026-03-04,Delivered,1,1,0,803.94,0,803.94,False,False,,
D0148,O0589,R012,C005,2026-02-07,2026-02-11,Delayed,1,4,3,371.75,72.25,444.0,True,False,,
D0149,O0703,R012,C013,2026-01-07,2026-01-14,Delayed,5,7,2,639.76,109.32,749.08,True,False,,
D0150,O0795,R004,C013,2026-03-19,2026-03-22,Delivered,3,3,0,470.77,0,470.77,False,False,,
D0151,O0695,R012,C013,2026-03-26,2026-04-04,Delayed,6,9,3,541.56,109.37,650.93,True,False,,
D0152,O0662,R005,C001,2026-02-26,2026-02-28,Delayed,1,2,1,431.33,19.91,451.24,True,False,,
D0153,O0303,R012,C006,2026-02-23,2026-02-25,Delivered,2,2,0,617.53,0,617.53,False,False,,
D0154,O0898,R009,C006,2026-03-06,2026-03-12,Delayed,3,6,3,393.62,100.72,494.34,True,False,,
D0155,O0494,R005,C013,2026-02-13,2026-02-14,Delivered,1,1,0,224.26,0,224.26,False,False,,
D0156,O0990,R014,C004,2026-03-28,2026-04-05,Delayed,6,8,2,1100.45,98.5,1198.95,True,False,,
D0157,O0375,R013,C002,2026-02-20,,Failed,1,,0,763.83,84.01,847.84,False,True,Customer Unavailable,Customer Issue
D0158,O0689,R010,C005,2026-02-18,2026-02-24,Delivered,6,6,0,704.9,0,704.9,False,False,,
D0159,O0483,R010,C001,2026-03-13,2026-03-17,Delayed,3,4,1,688.59,79.89,768.48,True,False,,
D0160,O0476,R012,C015,2026-02-08,2026-02-14,Delivered,6,6,0,307.09,0,307.09,False,False,,
D0161,O0969,R005,C001,2026-03-05,2026-03-06,Delivered,1,1,0,485.54,0,485.54,False,False,,
D0162,O0139,R008,C007,2026-02-17,,Failed,6,,2,271.84,89.93,361.77,True,True,Weather Conditions,External Issue
D0163,O0907,R011,C007,2026-01-13,2026-01-18,Delayed,4,5,1,748.31,40.77,789.08,True,False,,
D0164,O0707,R004,C006,2026-02-26,2026-03-02,Delivered,4,4,0,251.73,0,251.73,False,False,,
D0165,O0703,R009,C006,2026-03-24,2026-03-27,Delivered,3,3,0,403.46,0,403.46,False,False,,
D0166,O0992,R014,C002,2026-02-28,2026-03-03,Delayed,1,3,2,856.28,75.69,931.97,True,False,,
D0167,O0022,R013,C001,2026-02-12,,Failed,2,,0,454.89,94.17,549.06,False,True,Wrong Address,Address Issue
D0168,O0213,R004,C010,2026-01-30,2026-02-05,Delayed,3,6,3,541.23,75.56,616.79,True,False,,
D0169,O0284,R003,C014,2026-01-17,2026-01-22,Delivered,5,5,0,262.27,0,262.27,False,False,,
D0170,O0888,R003,C001,2026-01-02,2026-01-08,Delayed,3,6,3,468.21,11.74,479.95,True,False,,
D0171,O0272,R003,C001,2026-02-23,2026-02-28,Delivered,5,5,0,419.79,0,419.79,False,False,,
D0172,O0797,R009,C006,2026-03-17,,Failed,1,,0,751.62,14.77,766.39,False,True,Wrong Address,Address Issue
D0173,O0803,R014,C015,2026-03-26,2026-03-31,Delivered,5,5,0,857.51,0,857.51,False,False,,
D0174,O0032,R008,C001,2026-02-21,2026-02-27,Delayed,4,6,2,247.57,110.07,357.64,True,False,,
D0175,O0076,R002,C015,2026-02-11,2026-02-16,Delivered,5,5,0,237.95,0,237.95,False,False,,
D0176,O0640,R010,C011,2026-03-12,2026-03-18,Delivered,6,6,0,896.78,0,896.78,False,False,,
D0177,O0544,R008,C005,2026-03-06,2026-03-11,Delivered,5,5,0,323.27,0,323.27,False,False,,
D0178,O0118,R011,C014,2026-03-25,2026-04-01,Delayed,5,7,2,483.64,107.69,591.33,True,False,,
D0179,O0424,R014,C006,2026-02-28,2026-03-04,Delivered,4,4,0,609.41,0,609.41,False,False,,
D0180,O0321,R005,C011,2026-02-17,2026-02-21,Delayed,2,4,2,198.5,101.49,299.99,True,False,,
D0181,O0096,R002,C007,2026-02-17,2026-02-20,Delayed,2,3,1,412.86,71.77,484.63,True,False,,
D0182,O0338,R002,C011,2026-02-22,2026-02-28,Delayed,3,6,3,519.88,89.32,609.2,True,False,,
D0183,O0992,R010,C005,2026-02-09,,Failed,3,,0,427.64,82.24,509.88,False,True,Operational Delay,Operational Issue
D0184,O0230,R002,C014,2026-02-14,2026-02-19,Delivered,5,5,0,479.79,0,479.79,False,False,,
D0185,O0588,R013,C004,2026-02-24,,Failed,5,,3,939.98,71.24,1011.22,True,True,Operational Delay,Operational Issue
D0186,O0624,R011,C015,2026-03-30,2026-04-02,Delivered,3,3,0,402.1,0,402.1,False,False,,
D0187,O0781,R015,C005,2026-02-13,2026-02-16,Delivered,3,3,0,1643.84,0,1643.84,False,False,,
D0188,O0580,R007,C011,2026-01-09,2026-01-13,Delayed,2,4,2,177.53,68.35,245.88,True,False,,
D0189,O0386,R008,C007,2026-02-13,2026-02-15,Delivered,2,2,0,305.4,0,305.4,False,False,,
D0190,O0796,R010,C010,2026-01-11,2026-01-12,Delivered,1,1,0,752.66,0,752.66,False,False,,
D0191,O0051,R002,C011,2026-02-04,2026-02-10,Delayed,4,6,2,374.55,58.62,433.17,True,False,,
D0192,O0280,R013,C004,2026-03-07,2026-03-08,Delivered,1,1,0,488.71,0,488.71,False,False,,
D0193,O0695,R010,C011,2026-03-04,2026-03-11,Delayed,5,7,2,327.25,53.48,380.73,True,False,,
D0194,O0614,R001,C001,2026-01-27,2026-01-30,Delivered,3,3,0,316.04,0,316.04,False,False,,
D0195,O0297,R002,C006,2026-01-01,2026-01-07,Delayed,4,6,2,256.76,51.82,308.58,True,False,,
D0196,O0721,R009,C004,2026-03-13,2026-03-22,Delayed,6,9,3,297.48,104.79,402.27,True,False,,
D0197,O0044,R001,C007,2026-02-28,2026-03-04,Delayed,1,4,3,268.94,73.07,342.01,True,False,,
D0198,O0727,R007,C011,2026-02-07,2026-02-08,Delivered,1,1,0,439.86,0,439.86,False,False,,
D0199,O0176,R010,C013,2026-02-28,2026-03-06,Delivered,6,6,0,562.03,0,562.03,False,False,,
D0200,O0109,R007,C004,2026-03-17,2026-03-22,Delayed,4,5,1,268.73,44.13,312.86,True,False,,
D0201,O0348,R006,C004,2026-01-22,2026-01-24,Delayed,1,2,1,443.16,31.33,474.49,True,False,,
D0202,O0795,R006,C006,2026-03-24,2026-03-26,Delivered,2,2,0,277.97,0,277.97,False,False,,
D0203,O0203,R010,C003,2026-01-20,2026-01-26,Delivered,6,6,0,870.78,0,870.78,False,False,,
D0204,O0644,R008,C008,2026-03-14,,Failed,5,,0,205.8,116.81,322.61,False,True,Operational Delay,Operational Issue
D0205,O0324,R008,C003,2026-01-09,2026-01-13,Delivered,4,4,0,324.08,0,324.08,False,False,,
D0206,O0606,R006,C001,2026-03-06,2026-03-07,Delivered,1,1,0,409.32,0,409.32,False,False,,
D0207,O0059,R014,C006,2026-02-06,2026-02-09,Delayed,1,3,2,836.26,65.78,902.04,True,False,,
D0208,O0474,R009,C010,2026-01-06,,Failed,4,,3,427.19,62.32,489.51,True,True,Wrong Address,Address Issue
D0209,O0155,R008,C001,2026-01-14,2026-01-19,Delayed,3,5,2,251.14,28.98,280.12,True,False,,
D0210,O0254,R008,C012,2026-02-26,,Failed,5,,1,215.97,110.97,326.94,True,True,Wrong Address,Address Issue
D0211,O0397,R013,C007,2026-02-13,2026-02-20,Delayed,6,7,1,1031.38,81.2,1112.58,True,False,,
D0212,O0068,R002,C006,2026-03-13,2026-03-19,Delivered,6,6,0,285.76,0,285.76,False,False,,
D0213,O0873,R015,C011,2026-03-19,2026-03-21,Delivered,2,2,0,1299.29,0,1299.29,False,False,,
D0214,O0145,R006,C015,2026-02-09,2026-02-17,Delayed,6,8,2,270.45,87.97,358.42,True,False,,
D0215,O0087,R009,C005,2026-02-18,2026-02-27,Delayed,6,9,3,682.86,83.71,766.57,True,False,,
D0216,O0849,R011,C012,2026-03-09,2026-03-12,Delayed,1,3,2,524.41,12.01,536.42,True,False,,
D0217,O0317,R004,C003,2026-02-13,2026-02-17,Delivered,4,4,0,629.99,0,629.99,False,False,,
D0218,O0159,R005,C002,2026-01-13,,Failed,5,,3,188.21,47.04,235.25,True,True,Operational Delay,Operational Issue
D0219,O0785,R003,C010,2026-03-18,2026-03-22,Delivered,4,4,0,292.76,0,292.76,False,False,,
D0220,O0710,R010,C013,2026-01-22,2026-01-28,Delivered,6,6,0,546.52,0,546.52,False,False,,
D0221,O0693,R004,C012,2026-02-26,2026-03-03,Delivered,5,5,0,308.28,0,308.28,False,False,,
D0222,O0245,R013,C005,2026-03-02,,Failed,2,,0,769.34,40.99,810.33,False,True,Weather Conditions,External Issue
D0223,O0392,R009,C009,2026-02-23,2026-02-28,Delayed,2,5,3,676.65,25.22,701.87,True,False,,
D0224,O0257,R011,C001,2026-03-03,2026-03-07,Delayed,3,4,1,629.93,66.75,696.68,True,False,,
D0225,O0128,R002,C005,2026-01-21,,Failed,3,,0,505.8,20.09,525.89,False,True,Wrong Address,Address Issue
D0226,O0933,R014,C004,2026-02-27,2026-03-02,Delivered,3,3,0,414.94,0,414.94,False,False,,
D0227,O0515,R004,C006,2026-02-19,2026-02-20,Delivered,1,1,0,221.84,0,221.84,False,False,,
D0228,O0954,R014,C002,2026-03-25,2026-03-31,Delayed,3,6,3,478.2,41.56,519.76,True,False,,
D0229,O0850,R012,C008,2026-01-18,2026-01-24,Delivered,6,6,0,535.37,0,535.37,False,False,,
D0230,O0928,R001,C002,2026-02-02,2026-02-07,Delayed,2,5,3,262.2,90.0,352.2,True,False,,
D0231,O0541,R002,C007,2026-02-06,2026-02-08,Delivered,2,2,0,208.14,0,208.14,False,False,,
D0232,O0430,R013,C011,2026-03-21,2026-03-25,Delivered,4,4,0,1069.35,0,1069.35,False,False,,
D0233,O0512,R009,C010,2026-01-03,,Failed,6,,1,633.64,42.04,675.68,True,True,Wrong Address,Address Issue
D0234,O0002,R006,C010,2026-01-31,2026-02-05,Delivered,5,5,0,500.68,0,500.68,False,False,,
D0235,O0088,R006,C009,2026-01-09,,Failed,5,,1,453.29,52.95,506.24,True,True,Operational Delay,Operational Issue
D0236,O0482,R011,C001,2026-02-19,2026-02-22,Delivered,3,3,0,445.69,0,445.69,False,False,,
D0237,O0070,R004,C006,2026-03-26,,Failed,6,,0,266.03,48.75,314.78,False,True,Vehicle Breakdown,Carrier Issue
D0238,O0347,R011,C014,2026-01-23,2026-01-29,Delivered,6,6,0,588.5,0,588.5,False,False,,
D0239,O0831,R002,C003,2026-02-28,2026-03-01,Delivered,1,1,0,206.65,0,206.65,False,False,,
D0240,O0205,R001,C015,2026-02-10,2026-02-14,Delayed,3,4,1,372.28,69.73,442.01,True,False,,
D0241,O0260,R013,C001,2026-03-24,2026-03-26,Delivered,2,2,0,1089.71,0,1089.71,False,False,,
D0242,O0049,R011,C014,2026-02-12,2026-02-15,Delivered,3,3,0,487.21,0,487.21,False,False,,
D0243,O0410,R008,C012,2026-02-19,2026-02-22,Delivered,3,3,0,298.02,0,298.02,False,False,,
D0244,O0377,R013,C015,2026-03-08,2026-03-14,Delayed,3,6,3,981.67,18.68,1000.35,True,False,,
D0245,O0617,R003,C014,2026-03-11,2026-03-14,Delivered,3,3,0,249.43,0,249.43,False,False,,
D0246,O0677,R005,C005,2026-02-27,2026-03-06,Delayed,5,7,2,233.33,58.83,292.16,True,False,,
D0247,O0458,R012,C001,2026-02-15,2026-02-20,Delivered,5,5,0,546.95,0,546.95,False,False,,
D0248,O0811,R002,C001,2026-03-27,2026-04-02,Delivered,6,6,0,384.97,0,384.97,False,False,,
D0249,O0768,R003,C011,2026-01-04,,Failed,2,,3,229.96,17.4,247.36,True,True,Weather Conditions,External Issue
D0250,O0798,R006,C011,2026-02-16,2026-02-21,Delayed,4,5,1,475.19,84.7,559.89,True,False,,
D0251,O0972,R006,C006,2026-02-26,2026-02-28,Delayed,1,2,1,442.67,53.78,496.45,True,False,,
D0252,O0666,R004,C005,2026-01-15,2026-01-18,Delayed,1,3,2,419.6,52.57,472.17,True,False,,
D0253,O0576,R005,C002,2026-02-03,2026-02-09,Delivered,6,6,0,523.73,0,523.73,False,False,,
D0254,O0293,R015,C012,2026-03-04,2026-03-06,Delivered,2,2,0,1623.39,0,1623.39,False,False,,
D0255,O0463,R015,C003,2026-02-26,2026-03-02,Delayed,1,4,3,1401.41,88.05,1489.46,True,False,,
D0256,O0564,R005,C009,2026-02-08,2026-02-12,Delayed,2,4,2,452.79,65.96,518.75,True,False,,
D0257,O0125,R013,C004,2026-01-18,2026-01-23,Delayed,2,5,3,421.03,70.94,491.97,True,False,,
D0258,O0378,R013,C008,2026-03-12,2026-03-15,Delayed,2,3,1,452.6,53.8,506.4,True,False,,
D0259,O0735,R008,C012,2026-03-09,2026-03-16,Delayed,4,7,3,330.83,18.11,348.94,True,False,,
D0260,O0996,R011,C006,2026-01-10,,Failed,4,,0,326.73,101.2,427.93,False,True,Vehicle Breakdown,Carrier Issue
D0261,O0565,R010,C011,2026-01-24,,Failed,2,,0,798.83,66.99,865.82,False,True,Customer Unavailable,Customer Issue
D0262,O0312,R003,C003,2026-02-11,2026-02-17,Delivered,6,6,0,622.42,0,622.42,False,False,,
D0263,O0532,R005,C015,2026-01-11,,Failed,3,,0,218.81,43.31,262.12,False,True,Vehicle Breakdown,Carrier Issue
D0264,O0547,R009,C002,2026-03-24,,Failed,2,,1,349.02,78.69,427.71,True,True,Wrong Address,Address Issue
D0265,O0924,R006,C010,2026-03-14,2026-03-18,Delayed,1,4,3,249.93,114.34,364.27,True,False,,
D0266,O0790,R005,C010,2026-03-25,,Failed,2,,3,391.34,13.33,404.67,True,True,Weather Conditions,External Issue
D0267,O0911,R009,C011,2026-02-07,2026-02-13,Delivered,6,6,0,387.34,0,387.34,False,False,,
D0268,O0827,R007,C011,2026-02-08,2026-02-12,Delivered,4,4,0,197.42,0,197.42,False,False,,
D0269,O0426,R008,C008,2026-01-27,2026-01-31,Delayed,3,4,1,203.15,89.02,292.17,True,False,,
D0270,O0752,R006,C014,2026-02-21,2026-02-26,Delayed,2,5,3,436.44,21.68,458.12,True,False,,
D0271,O0248,R002,C008,2026-02-04,2026-02-08,Delivered,4,4,0,226.79,0,226.79,False,False,,
D0272,O0298,R014,C007,2026-03-20,2026-03-24,Delivered,4,4,0,985.11,0,985.11,False,False,,
D0273,O0957,R012,C010,2026-02-10,2026-02-15,Delayed,2,5,3,479.17,66.62,545.79,True,False,,
D0274,O0511,R005,C015,2026-03-05,2026-03-06,Delivered,1,1,0,351.91,0,351.91,False,False,,
D0275,O0990,R004,C004,2026-03-16,2026-03-19,Delivered,3,3,0,328.17,0,328.17,False,False,,
D0276,O0612,R014,C015,2026-03-25,2026-03-31,Delivered,6,6,0,777.52,0,777.52,False,False,,
D0277,O0868,R007,C002,2026-01-18,2026-01-23,Delayed,3,5,2,379.16,50.25,429.41,True,False,,
D0278,O0411,R010,C001,2026-03-13,,Failed,2,,0,344.12,65.47,409.59,False,True,Vehicle Breakdown,Carrier Issue
D0279,O0783,R005,C009,2026-03-21,2026-03-28,Delayed,6,7,1,220.03,20.63,240.66,True,False,,
D0280,O0383,R006,C013,2026-03-13,2026-03-19,Delayed,3,6,3,300.59,66.0,366.59,True,False,,
D0281,O0513,R001,C001,2026-01-05,2026-01-09,Delayed,2,4,2,325.99,67.13,393.12,True,False,,
D0282,O0153,R015,C010,2026-03-07,,Failed,2,,0,795.0,118.97,913.97,False,True,Vehicle Breakdown,Carrier Issue
D0283,O0758,R005,C014,2026-03-17,,Failed,3,,1,346.45,71.92,418.37,True,True,Operational Delay,Operational Issue
D0284,O0487,R001,C014,2026-02-17,2026-02-22,Delayed,3,5,2,369.97,74.21,444.18,True,False,,
D0285,O0816,R012,C015,2026-03-30,,Failed,6,,0,367.45,82.12,449.57,False,True,Weather Conditions,External Issue
D0286,O0996,R010,C013,2026-03-15,2026-03-19,Delayed,2,4,2,650.11,28.76,678.87,True,False,,
D0287,O0645,R010,C012,2026-02-18,2026-02-23,Delayed,2,5,3,318.94,114.3,433.24,True,False,,
D0288,O0113,R001,C004,2026-02-26,2026-03-01,Delivered,3,3,0,228.24,0,228.24,False,False,,
D0289,O0209,R009,C007,2026-03-20,2026-03-27,Delayed,4,7,3,627.0,67.06,694.06,True,False,,
D0290,O0575,R011,C006,2026-03-03,2026-03-08,Delivered,5,5,0,757.48,0,757.48,False,False,,
D0291,O0471,R009,C015,2026-02-13,2026-02-18,Delivered,5,5,0,577.24,0,577.24,False,False,,
D0292,O0197,R005,C004,2026-03-13,2026-03-16,Delivered,3,3,0,444.91,0,444.91,False,False,,
D0293,O0722,R012,C004,2026-03-04,2026-03-07,Delivered,3,3,0,509.03,0,509.03,False,False,,
D0294,O0957,R012,C013,2026-02-05,,Failed,3,,0,422.25,117.82,540.07,False,True,Operational Delay,Operational Issue
D0295,O0839,R013,C006,2026-01-19,2026-01-22,Delivered,3,3,0,1164.25,0,1164.25,False,False,,
D0296,O0081,R015,C006,2026-02-26,2026-03-04,Delivered,6,6,0,856.78,0,856.78,False,False,,
D0297,O0848,R005,C009,2026-03-13,2026-03-19,Delivered,6,6,0,213.23,0,213.23,False,False,,
D0298,O0759,R004,C010,2026-02-01,,Failed,1,,2,477.94,15.77,493.71,True,True,Wrong Address,Address Issue
D0299,O0424,R012,C006,2026-03-02,2026-03-05,Delayed,1,3,2,242.49,70.54,313.03,True,False,,
D0300,O0952,R007,C003,2026-03-25,2026-03-29,Delivered,4,4,0,376.77,0,376.77,False,False,,
D0301,O0295,R005,C006,2026-03-24,2026-03-28,Delayed,1,4,3,403.3,35.54,438.84,True,False,,
D0302,O0757,R014,C012,2026-01-05,2026-01-07,Delivered,2,2,0,1075.44,0,1075.44,False,False,,
D0303,O0038,R007,C014,2026-03-05,2026-03-09,Delayed,2,4,2,413.02,11.02,424.04,True,False,,
D0304,O0582,R002,C010,2026-02-12,,Failed,3,,0,377.69,113.24,490.93,False,True,Operational Delay,Operational Issue
D0305,O0872,R008,C009,2026-02-04,2026-02-09,Delayed,2,5,3,207.67,90.42,298.09,True,False,,
D0306,O0664,R012,C005,2026-01-24,2026-01-27,Delayed,1,3,2,619.57,72.46,692.03,True,False,,
D0307,O0776,R003,C004,2026-03-20,2026-03-26,Delivered,6,6,0,436.57,0,436.57,False,False,,
D0308,O0089,R011,C007,2026-01-13,2026-01-15,Delivered,2,2,0,428.27,0,428.27,False,False,,
D0309,O0255,R005,C001,2026-02-19,2026-02-21,Delivered,2,2,0,508.91,0,508.91,False,False,,
D0310,O0310,R012,C010,2026-03-15,2026-03-16,Delivered,1,1,0,572.53,0,572.53,False,False,,
D0311,O0064,R002,C011,2026-03-01,2026-03-04,Delivered,3,3,0,450.71,0,450.71,False,False,,
D0312,O0946,R015,C015,2026-02-09,2026-02-15,Delivered,6,6,0,1041.05,0,1041.05,False,False,,
D0313,O0227,R003,C004,2026-03-03,,Failed,2,,0,393.81,70.42,464.23,False,True,Vehicle Breakdown,Carrier Issue
D0314,O0483,R009,C013,2026-03-27,2026-04-01,Delayed,2,5,3,613.78,75.54,689.32,True,False,,
D0315,O0807,R009,C002,2026-02-27,2026-03-06,Delayed,5,7,2,300.61,72.06,372.67,True,False,,
D0316,O0064,R009,C014,2026-03-06,,Failed,2,,1,345.56,103.99,449.55,True,True,Wrong Address,Address Issue
D0317,O0453,R011,C002,2026-01-27,2026-02-03,Delayed,6,7,1,307.29,66.14,373.43,True,False,,
D0318,O0829,R008,C001,2026-01-17,2026-01-22,Delivered,5,5,0,265.98,0,265.98,False,False,,
D0319,O0573,R011,C008,2026-02-09,2026-02-15,Delivered,6,6,0,392.32,0,392.32,False,False,,
D0320,O0004,R004,C012,2026-03-16,2026-03-17,Delivered,1,1,0,354.7,0,354.7,False,False,,
D0321,O0066,R001,C009,2026-01-09,2026-01-13,Delivered,4,4,0,227.22,0,227.22,False,False,,
D0322,O0788,R013,C003,2026-03-24,2026-04-01,Delayed,6,8,2,699.57,108.05,807.62,True,False,,
D0323,O0460,R015,C014,2026-02-18,,Failed,4,,0,1384.24,48.25,1432.49,False,True,Wrong Address,Address Issue
D0324,O0183,R007,C009,2026-03-09,2026-03-13,Delayed,2,4,2,400.45,93.18,493.63,True,False,,
D0325,O0306,R011,C008,2026-03-11,2026-03-16,Delayed,4,5,1,688.15,37.23,725.38,True,False,,
D0326,O0355,R005,C003,2026-01-25,2026-02-03,Delayed,6,9,3,186.28,82.62,268.9,True,False,,
D0327,O0630,R015,C013,2026-01-03,2026-01-05,Delivered,2,2,0,721.08,0,721.08,False,False,,
D0328,O0035,R010,C008,2026-03-28,2026-04-06,Delayed,6,9,3,446.84,14.87,461.71,True,False,,
D0329,O0450,R009,C004,2026-01-28,,Failed,1,,0,381.76,110.8,492.56,False,True,Vehicle Breakdown,Carrier Issue
D0330,O0590,R010,C006,2026-03-18,2026-03-27,Delayed,6,9,3,442.14,106.39,548.53,True,False,,
D0331,O0677,R004,C009,2026-02-22,2026-02-25,Delivered,3,3,0,443.82,0,443.82,False,False,,
D0332,O0606,R012,C015,2026-01-23,2026-01-31,Delayed,6,8,2,506.81,15.16,521.97,True,False,,
D0333,O0353,R011,C011,2026-02-18,2026-02-23,Delivered,5,5,0,472.29,0,472.29,False,False,,
D0334,O0308,R003,C007,2026-03-10,2026-03-14,Delivered,4,4,0,344.32,0,344.32,False,False,,
D0335,O0725,R013,C003,2026-03-01,2026-03-03,Delayed,1,2,1,1174.23,71.3,1245.53,True,False,,
D0336,O0138,R004,C007,2026-02-02,2026-02-04,Delivered,2,2,0,597.33,0,597.33,False,False,,
D0337,O0868,R002,C006,2026-03-10,2026-03-19,Delayed,6,9,3,209.58,51.49,261.07,True,False,,
D0338,O0620,R001,C010,2026-01-10,,Failed,2,,3,179.25,32.98,212.23,True,True,Operational Delay,Operational Issue
D0339,O0929,R005,C006,2026-01-02,2026-01-04,Delivered,2,2,0,436.41,0,436.41,False,False,,
D0340,O0773,R015,C008,2026-02-01,2026-02-08,Delayed,6,7,1,1075.96,36.33,1112.29,True,False,,
D0341,O0330,R005,C013,2026-02-18,2026-02-23,Delayed,4,5,1,282.95,49.56,332.51,True,False,,
D0342,O0904,R008,C008,2026-01-13,2026-01-19,Delivered,6,6,0,353.58,0,353.58,False,False,,
D0343,O0380,R007,C006,2026-01-06,2026-01-14,Delayed,5,8,3,372.38,11.78,384.16,True,False,,
D0344,O0567,R010,C015,2026-03-16,2026-03-22,Delivered,6,6,0,391.45,0,391.45,False,False,,
D0345,O0338,R007,C004,2026-03-14,,Failed,2,,0,227.2,100.38,327.58,False,True,Vehicle Breakdown,Carrier Issue
D0346,O0990,R011,C012,2026-03-04,2026-03-08,Delivered,4,4,0,348.02,0,348.02,False,False,,
D0347,O0738,R008,C009,2026-01-24,2026-01-31,Delayed,5,7,2,255.99,102.3,358.29,True,False,,
D0348,O0077,R011,C014,2026-01-07,2026-01-08,Delivered,1,1,0,698.12,0,698.12,False,False,,
D0349,O0237,R012,C002,2026-01-20,,Failed,1,,0,419.14,77.96,497.1,False,True,Weather Conditions,External Issue
D0350,O0683,R010,C015,2026-03-03,2026-03-09,Delivered,6,6,0,303.97,0,303.97,False,False,,
D0351,O0565,R001,C007,2026-01-03,2026-01-10,Delayed,5,7,2,258.93,41.54,300.47,True,False,,
D0352,O0515,R012,C014,2026-03-28,2026-04-04,Delayed,4,7,3,291.37,20.59,311.96,True,False,,
D0353,O0153,R004,C004,2026-03-21,2026-03-26,Delivered,5,5,0,322.28,0,322.28,False,False,,
D0354,O0407,R006,C002,2026-02-21,2026-02-26,Delayed,4,5,1,640.8,34.84,675.64,True,False,,
D0355,O0701,R014,C014,2026-01-11,2026-01-20,Delayed,6,9,3,445.13,51.72,496.85,True,False,,
D0356,O0566,R001,C008,2026-03-23,2026-03-26,Delayed,1,3,2,145.67,102.99,248.66,True,False,,
D0357,O0661,R006,C013,2026-03-14,2026-03-16,Delayed,1,2,1,313.8,109.14,422.94,True,False,,
D0358,O0709,R010,C015,2026-03-02,2026-03-05,Delivered,3,3,0,710.66,0,710.66,False,False,,
D0359,O0288,R009,C015,2026-03-14,2026-03-20,Delivered,6,6,0,742.96,0,742.96,False,False,,
D0360,O0323,R004,C001,2026-03-17,2026-03-22,Delayed,2,5,3,600.13,42.92,643.05,True,False,,
D0361,O0578,R010,C004,2026-02-19,2026-02-26,Delayed,6,7,1,530.31,91.37,621.68,True,False,,
D0362,O0810,R012,C012,2026-01-11,2026-01-18,Delayed,5,7,2,265.77,58.08,323.85,True,False,,
D0363,O0859,R006,C002,2026-03-19,2026-03-25,Delayed,5,6,1,631.64,45.9,677.54,True,False,,
D0364,O0650,R013,C005,2026-02-27,2026-03-03,Delivered,4,4,0,842.43,0,842.43,False,False,,
D0365,O0385,R003,C007,2026-03-29,2026-04-05,Delayed,5,7,2,251.85,78.05,329.9,True,False,,
D0366,O0818,R012,C004,2026-01-10,2026-01-11,Delivered,1,1,0,422.4,0,422.4,False,False,,
D0367,O0803,R003,C011,2026-02-19,2026-02-22,Delivered,3,3,0,254.35,0,254.35,False,False,,
D0368,O0966,R008,C005,2026-02-16,2026-02-19,Delivered,3,3,0,146.82,0,146.82,False,False,,
D0369,O0442,R009,C008,2026-03-13,2026-03-18,Delivered,5,5,0,273.66,0,273.66,False,False,,
D0370,O0363,R002,C009,2026-03-18,2026-03-26,Delayed,5,8,3,518.21,11.36,529.57,True,False,,
D0371,O0424,R013,C007,2026-01-11,2026-01-18,Delayed,6,7,1,857.57,28.65,886.22,True,False,,
D0372,O0390,R003,C003,2026-02-04,2026-02-07,Delivered,3,3,0,277.75,0,277.75,False,False,,
D0373,O0172,R005,C007,2026-02-23,2026-02-26,Delivered,3,3,0,301.39,0,301.39,False,False,,
D0374,O0967,R012,C004,2026-03-22,,Failed,4,,1,459.77,24.9,484.67,True,True,Wrong Address,Address Issue
D0375,O0007,R006,C007,2026-03-21,2026-03-28,Delayed,4,7,3,404.3,57.37,461.67,True,False,,
D0376,O0844,R011,C014,2026-03-18,2026-03-20,Delivered,2,2,0,573.67,0,573.67,False,False,,
D0377,O0712,R008,C004,2026-02-10,2026-02-12,Delivered,2,2,0,197.86,0,197.86,False,False,,
D0378,O0712,R008,C011,2026-03-15,2026-03-17,Delivered,2,2,0,195.08,0,195.08,False,False,,
D0379,O0805,R006,C007,2026-01-15,,Failed,5,,0,292.37,94.44,386.81,False,True,Operational Delay,Operational Issue
D0380,O0028,R008,C012,2026-01-27,2026-02-03,Delayed,4,7,3,332.82,17.61,350.43,True,False,,
D0381,O0869,R013,C013,2026-02-22,2026-02-28,Delivered,6,6,0,906.67,0,906.67,False,False,,
D0382,O0248,R011,C005,2026-01-20,2026-01-26,Delivered,6,6,0,298.46,0,298.46,False,False,,
D0383,O0613,R010,C008,2026-02-21,2026-02-27,Delayed,5,6,1,626.19,96.98,723.17,True,False,,
D0384,O0369,R015,C012,2026-03-10,2026-03-17,Delayed,5,7,2,731.24,37.31,768.55,True,False,,
D0385,O0681,R003,C006,2026-03-24,,Failed,5,,0,630.73,46.48,677.21,False,True,Weather Conditions,External Issue
D0386,O0816,R002,C007,2026-01-02,2026-01-03,Delivered,1,1,0,384.06,0,384.06,False,False,,
D0387,O0532,R010,C009,2026-03-30,2026-04-04,Delivered,5,5,0,524.47,0,524.47,False,False,,
D0388,O0475,R011,C013,2026-03-17,2026-03-24,Delayed,6,7,1,439.38,12.7,452.08,True,False,,
D0389,O0108,R007,C005,2026-01-11,2026-01-15,Delayed,1,4,3,254.5,47.74,302.24,True,False,,
D0390,O0804,R009,C004,2026-03-03,2026-03-06,Delivered,3,3,0,487.85,0,487.85,False,False,,
D0391,O0714,R006,C008,2026-01-09,2026-01-12,Delivered,3,3,0,224.71,0,224.71,False,False,,
D0392,O0352,R002,C011,2026-03-28,2026-04-01,Delayed,2,4,2,386.08,70.71,456.79,True,False,,
D0393,O0339,R007,C009,2026-03-01,2026-03-06,Delayed,2,5,3,338.93,30.5,369.43,True,False,,
D0394,O0674,R007,C007,2026-01-04,2026-01-11,Delayed,6,7,1,284.87,57.25,342.12,True,False,,
D0395,O0005,R004,C012,2026-01-27,2026-02-02,Delayed,3,6,3,452.49,97.95,550.44,True,False,,
D0396,O0550,R006,C003,2026-02-11,2026-02-13,Delivered,2,2,0,327.81,0,327.81,False,False,,
D0397,O0884,R009,C008,2026-03-23,2026-03-27,Delayed,3,4,1,577.88,74.57,652.45,True,False,,
D0398,O0357,R014,C006,2026-02-28,2026-03-05,Delivered,5,5,0,1064.01,0,1064.01,False,False,,
D0399,O0605,R011,C002,2026-01-18,2026-01-21,Delivered,3,3,0,418.8,0,418.8,False,False,,
D0400,O0188,R012,C006,2026-01-19,2026-01-24,Delivered,5,5,0,526.28,0,526.28,False,False,,
D0401,O0589,R007,C007,2026-01-24,,Failed,4,,2,316.47,63.86,380.33,True,True,Wrong Address,Address Issue
D0402,O0144,R006,C003,2026-02-27,2026-03-04,Delivered,5,5,0,624.29,0,624.29,False,False,,
D0403,O0497,R004,C003,2026-02-19,2026-02-25,Delayed,5,6,1,381.84,64.09,445.93,True,False,,
D0404,O0728,R008,C014,2026-03-04,,Failed,2,,0,323.97,34.26,358.23,False,True,Customer Unavailable,Customer Issue
D0405,O0034,R004,C005,2026-03-10,2026-03-13,Delivered,3,3,0,447.57,0,447.57,False,False,,
D0406,O0792,R008,C013,2026-03-12,,Failed,5,,0,191.97,69.74,261.71,False,True,Customer Unavailable,Customer Issue
D0407,O0376,R014,C009,2026-01-06,,Failed,6,,0,1117.33,21.27,1138.6,False,True,Wrong Address,Address Issue
D0408,O0850,R013,C011,2026-02-01,2026-02-07,Delayed,3,6,3,759.79,48.34,808.13,True,False,,
D0409,O0837,R008,C002,2026-01-16,,Failed,2,,0,340.26,77.13,417.39,False,True,Vehicle Breakdown,Carrier Issue
D0410,O0439,R010,C003,2026-01-18,2026-01-23,Delayed,2,5,3,783.26,72.71,855.97,True,False,,
D0411,O0546,R010,C005,2026-03-10,2026-03-12,Delivered,2,2,0,473.6,0,473.6,False,False,,
D0412,O0274,R009,C014,2026-03-28,2026-03-29,Delivered,1,1,0,737.76,0,737.76,False,False,,
D0413,O0284,R011,C014,2026-01-17,2026-01-26,Delayed,6,9,3,389.83,88.25,478.08,True,False,,
D0414,O0849,R013,C004,2026-03-28,2026-04-01,Delivered,4,4,0,861.94,0,861.94,False,False,,
D0415,O0276,R007,C011,2026-02-18,2026-02-22,Delivered,4,4,0,270.86,0,270.86,False,False,,
D0416,O0768,R012,C005,2026-02-17,2026-02-21,Delivered,4,4,0,519.34,0,519.34,False,False,,
D0417,O0890,R014,C013,2026-01-12,2026-01-18,Delivered,6,6,0,1012.58,0,1012.58,False,False,,
D0418,O0815,R007,C009,2026-01-28,2026-02-04,Delayed,4,7,3,298.41,45.52,343.93,True,False,,
D0419,O0291,R009,C006,2026-03-15,2026-03-18,Delayed,2,3,1,669.92,108.36,778.28,True,False,,
D0420,O0781,R001,C001,2026-01-13,2026-01-22,Delayed,6,9,3,129.07,112.24,241.31,True,False,,
D0421,O0162,R008,C008,2026-01-01,2026-01-05,Delivered,4,4,0,345.54,0,345.54,False,False,,
D0422,O0310,R014,C003,2026-02-05,2026-02-08,Delayed,1,3,2,562.79,50.9,613.69,True,False,,
D0423,O0926,R003,C011,2026-01-07,2026-01-13,Delayed,4,6,2,527.17,93.08,620.25,True,False,,
D0424,O0440,R002,C011,2026-01-13,2026-01-14,Delivered,1,1,0,219.62,0,219.62,False,False,,
D0425,O0608,R009,C004,2026-03-29,2026-04-02,Delivered,4,4,0,621.71,0,621.71,False,False,,
D0426,O0837,R014,C002,2026-02-24,2026-03-02,Delivered,6,6,0,428.12,0,428.12,False,False,,
D0427,O0393,R012,C002,2026-01-14,2026-01-15,Delivered,1,1,0,662.87,0,662.87,False,False,,
D0428,O0141,R013,C007,2026-01-18,2026-01-26,Delayed,6,8,2,454.73,71.96,526.69,True,False,,
D0429,O0625,R003,C011,2026-02-26,2026-03-03,Delayed,3,5,2,485.07,26.65,511.72,True,False,,
D0430,O0422,R011,C010,2026-02-26,2026-02-28,Delivered,2,2,0,332.81,0,332.81,False,False,,
D0431,O0127,R012,C010,2026-02-19,2026-02-22,Delivered,3,3,0,619.72,0,619.72,False,False,,
D0432,O0254,R011,C005,2026-01-11,,Failed,2,,1,635.01,41.34,676.35,True,True,Operational Delay,Operational Issue
D0433,O0964,R001,C012,2026-03-26,,Failed,3,,0,252.38,92.26,344.64,False,True,Operational Delay,Operational Issue
D0434,O0303,R001,C011,2026-01-31,2026-02-04,Delivered,4,4,0,185.27,0,185.27,False,False,,
D0435,O0654,R002,C010,2026-03-09,2026-03-10,Delivered,1,1,0,240.15,0,240.15,False,False,,
D0436,O0882,R010,C014,2026-02-23,2026-02-27,Delayed,3,4,1,757.64,114.99,872.63,True,False,,
D0437,O0789,R001,C002,2026-03-17,2026-03-18,Delivered,1,1,0,178.94,0,178.94,False,False,,
D0438,O0945,R013,C001,2026-02-20,,Failed,5,,0,738.86,54.25,793.11,False,True,Weather Conditions,External Issue
D0439,O0656,R009,C009,2026-03-20,2026-03-22,Delivered,2,2,0,421.15,0,421.15,False,False,,
D0440,O0524,R004,C015,2026-01-20,2026-01-25,Delivered,5,5,0,456.3,0,456.3,False,False,,
D0441,O0782,R011,C014,2026-03-29,2026-04-04,Delivered,6,6,0,623.31,0,623.31,False,False,,
D0442,O0748,R004,C014,2026-01-08,2026-01-10,Delivered,2,2,0,258.71,0,258.71,False,False,,
D0443,O0627,R001,C010,2026-02-09,2026-02-17,Delayed,6,8,2,154.86,87.87,242.73,True,False,,
D0444,O0719,R003,C001,2026-03-05,,Failed,3,,1,286.79,23.96,310.75,True,True,Vehicle Breakdown,Carrier Issue
D0445,O0800,R005,C014,2026-01-16,2026-01-17,Delivered,1,1,0,270.19,0,270.19,False,False,,
D0446,O0066,R012,C005,2026-03-15,2026-03-21,Delivered,6,6,0,458.49,0,458.49,False,False,,
D0447,O0369,R008,C001,2026-03-14,2026-03-16,Delivered,2,2,0,188.78,0,188.78,False,False,,
D0448,O0106,R010,C015,2026-03-28,2026-04-03,Delivered,6,6,0,744.47,0,744.47,False,False,,
D0449,O0003,R014,C001,2026-01-02,2026-01-04,Delivered,2,2,0,647.98,0,647.98,False,False,,
D0450,O0943,R003,C003,2026-01-05,2026-01-13,Delayed,5,8,3,311.54,37.31,348.85,True,False,,
D0451,O0938,R006,C012,2026-02-04,2026-02-06,Delayed,1,2,1,266.34,84.07,350.41,True,False,,
D0452,O0054,R004,C003,2026-03-08,2026-03-09,Delivered,1,1,0,578.34,0,578.34,False,False,,
D0453,O0887,R013,C005,2026-02-09,,Failed,3,,0,406.38,32.07,438.45,False,True,Weather Conditions,External Issue
D0454,O0578,R005,C013,2026-03-21,2026-03-23,Delivered,2,2,0,382.09,0,382.09,False,False,,
D0455,O0506,R013,C013,2026-01-26,2026-02-02,Delayed,6,7,1,520.45,112.56,633.01,True,False,,
D0456,O0025,R009,C004,2026-02-14,2026-02-23,Delayed,6,9,3,754.51,10.16,764.67,True,False,,
D0457,O0674,R014,C007,2026-02-09,,Failed,1,,0,689.86,115.73,805.59,False,True,Wrong Address,Address Issue
D0458,O0996,R012,C003,2026-02-05,2026-02-06,Delivered,1,1,0,670.7,0,670.7,False,False,,
D0459,O0533,R012,C007,2026-02-17,2026-02-23,Delayed,4,6,2,518.77,65.6,584.37,True,False,,
D0460,O0653,R007,C014,2026-01-10,2026-01-16,Delayed,5,6,1,280.49,116.06,396.55,True,False,,
D0461,O0243,R005,C005,2026-02-10,2026-02-16,Delayed,4,6,2,286.32,39.92,326.24,True,False,,
D0462,O0077,R003,C004,2026-03-16,2026-03-17,Delivered,1,1,0,285.68,0,285.68,False,False,,
D0463,O0478,R007,C006,2026-01-16,2026-01-21,Delivered,5,5,0,285.58,0,285.58,False,False,,
D0464,O0475,R014,C005,2026-01-16,2026-01-17,Delivered,1,1,0,994.79,0,994.79,False,False,,
D0465,O0714,R001,C010,2026-01-28,2026-01-31,Delivered,3,3,0,302.79,0,302.79,False,False,,
D0466,O0992,R007,C006,2026-03-07,2026-03-10,Delayed,1,3,2,228.05,118.97,347.02,True,False,,
D0467,O0032,R014,C007,2026-02-27,,Failed,5,,2,446.04,21.21,467.25,True,True,Wrong Address,Address Issue
D0468,O0813,R002,C003,2026-01-02,2026-01-06,Delayed,1,4,3,239.67,100.6,340.27,True,False,,
D0469,O0382,R011,C011,2026-03-24,,Failed,1,,1,737.06,18.25,755.31,True,True,Vehicle Breakdown,Carrier Issue
D0470,O0067,R015,C004,2026-03-24,2026-03-31,Delayed,4,7,3,710.37,103.2,813.57,True,False,,
D0471,O0829,R002,C006,2026-01-06,2026-01-10,Delivered,4,4,0,541.17,0,541.17,False,False,,
D0472,O0444,R012,C014,2026-02-20,2026-02-24,Delivered,4,4,0,567.94,0,567.94,False,False,,
D0473,O0177,R004,C006,2026-01-24,2026-01-27,Delivered,3,3,0,581.04,0,581.04,False,False,,
D0474,O0036,R010,C010,2026-03-20,2026-03-24,Delayed,2,4,2,599.33,107.11,706.44,True,False,,
D0475,O0491,R002,C001,2026-02-05,2026-02-09,Delivered,4,4,0,265.79,0,265.79,False,False,,
D0476,O0906,R009,C013,2026-02-01,,Failed,6,,3,774.49,96.01,870.5,True,True,Customer Unavailable,Customer Issue
D0477,O0368,R009,C008,2026-03-04,,Failed,3,,1,461.96,29.78,491.74,True,True,Vehicle Breakdown,Carrier Issue
D0478,O0327,R004,C010,2026-01-04,2026-01-07,Delivered,3,3,0,432.36,0,432.36,False,False,,
D0479,O0786,R004,C010,2026-01-21,2026-01-22,Delivered,1,1,0,321.94,0,321.94,False,False,,
D0480,O0836,R015,C013,2026-01-08,2026-01-11,Delayed,2,3,1,1025.77,102.31,1128.08,True,False,,
D0481,O0866,R003,C003,2026-01-31,2026-02-05,Delivered,5,5,0,608.01,0,608.01,False,False,,
D0482,O0029,R012,C012,2026-02-15,2026-02-21,Delayed,5,6,1,510.29,30.71,541.0,True,False,,
D0483,O0830,R008,C015,2026-03-11,2026-03-14,Delivered,3,3,0,134.49,0,134.49,False,False,,
D0484,O0058,R010,C004,2026-01-29,2026-01-31,Delayed,1,2,1,300.41,110.97,411.38,True,False,,
D0485,O0207,R003,C013,2026-02-13,2026-02-19,Delivered,6,6,0,240.61,0,240.61,False,False,,
D0486,O0152,R012,C010,2026-01-19,,Failed,1,,3,701.07,51.09,752.16,True,True,Vehicle Breakdown,Carrier Issue
D0487,O0965,R007,C011,2026-03-17,2026-03-18,Delivered,1,1,0,246.78,0,246.78,False,False,,
D0488,O1000,R012,C003,2026-02-25,2026-03-03,Delivered,6,6,0,323.62,0,323.62,False,False,,
D0489,O0992,R012,C009,2026-03-20,,Failed,3,,0,421.62,90.74,512.36,False,True,Wrong Address,Address Issue
D0490,O0302,R003,C003,2026-01-01,2026-01-08,Delayed,6,7,1,580.83,94.79,675.62,True,False,,
D0491,O0582,R003,C001,2026-03-19,,Failed,3,,3,490.05,21.45,511.5,True,True,Wrong Address,Address Issue
D0492,O0509,R006,C003,2026-01-10,2026-01-12,Delivered,2,2,0,287.19,0,287.19,False,False,,
D0493,O0907,R014,C002,2026-03-27,2026-04-04,Delayed,6,8,2,709.97,39.17,749.14,True,False,,
D0494,O0256,R002,C012,2026-02-14,2026-02-20,Delayed,3,6,3,463.76,15.3,479.06,True,False,,
D0495,O0449,R007,C012,2026-01-22,2026-01-26,Delivered,4,4,0,255.37,0,255.37,False,False,,
D0496,O0385,R014,C002,2026-03-03,2026-03-10,Delayed,5,7,2,496.99,18.11,515.1,True,False,,
D0497,O0867,R005,C001,2026-01-03,2026-01-06,Delivered,3,3,0,200.97,0,200.97,False,False,,
D0498,O0175,R007,C015,2026-01-21,,Failed,6,,0,251.39,118.38,369.77,False,True,Customer Unavailable,Customer Issue
D0499,O0915,R012,C008,2026-01-04,2026-01-10,Delayed,4,6,2,531.51,57.76,589.27,True,False,,
D0500,O0055,R006,C002,2026-01-27,,Failed,2,,0,329.06,40.97,370.03,False,True,Operational Delay,Operational Issue
D0501,O0244,R001,C002,2026-02-20,2026-02-26,Delayed,5,6,1,163.4,49.69,213.09,True,False,,
D0502,O0438,R005,C002,2026-03-26,2026-04-02,Delayed,6,7,1,244.89,12.83,257.72,True,False,,
D0503,O0175,R005,C011,2026-01-11,2026-01-18,Delayed,4,7,3,282.92,53.72,336.64,True,False,,
D0504,O0501,R011,C015,2026-02-03,,Failed,1,,2,356.14,107.4,463.54,True,True,Weather Conditions,External Issue
D0505,O0379,R008,C003,2026-01-06,2026-01-09,Delivered,3,3,0,190.85,0,190.85,False,False,,
D0506,O0858,R010,C005,2026-01-08,2026-01-13,Delayed,2,5,3,351.42,47.82,399.24,True,False,,
D0507,O0555,R013,C007,2026-03-17,2026-03-20,Delayed,2,3,1,1072.64,100.02,1172.66,True,False,,
D0508,O0429,R011,C009,2026-03-02,2026-03-07,Delivered,5,5,0,415.4,0,415.4,False,False,,
D0509,O0405,R014,C015,2026-01-05,,Failed,5,,1,883.15,78.23,961.38,True,True,Operational Delay,Operational Issue
D0510,O0124,R008,C013,2026-01-23,2026-01-25,Delivered,2,2,0,156.55,0,156.55,False,False,,
D0511,O0434,R011,C002,2026-02-25,2026-03-02,Delayed,2,5,3,693.74,38.37,732.11,True,False,,
D0512,O0933,R015,C012,2026-01-09,,Failed,1,,0,1262.47,104.23,1366.7,False,True,Weather Conditions,External Issue
D0513,O0533,R015,C008,2026-01-02,,Failed,6,,1,1538.02,22.38,1560.4,True,True,Operational Delay,Operational Issue
D0514,O0154,R010,C003,2026-03-17,2026-03-25,Delayed,5,8,3,854.96,71.9,926.86,True,False,,
D0515,O0104,R005,C013,2026-03-10,2026-03-13,Delivered,3,3,0,309.07,0,309.07,False,False,,
D0516,O0498,R010,C010,2026-03-02,2026-03-03,Delivered,1,1,0,541.78,0,541.78,False,False,,
D0517,O0634,R011,C010,2026-03-30,2026-04-03,Delivered,4,4,0,722.58,0,722.58,False,False,,
D0518,O0340,R004,C012,2026-01-07,2026-01-13,Delivered,6,6,0,586.75,0,586.75,False,False,,
D0519,O0021,R014,C006,2026-02-08,2026-02-11,Delivered,3,3,0,1018.68,0,1018.68,False,False,,
D0520,O0702,R014,C002,2026-01-30,2026-02-01,Delivered,2,2,0,955.52,0,955.52,False,False,,
D0521,O0329,R012,C005,2026-02-23,2026-03-02,Delayed,5,7,2,330.21,33.25,363.46,True,False,,
D0522,O0844,R012,C007,2026-03-04,2026-03-12,Delayed,5,8,3,634.09,66.68,700.77,True,False,,
D0523,O0163,R005,C002,2026-03-06,,Failed,4,,0,185.13,31.2,216.33,False,True,Operational Delay,Operational Issue
D0524,O0853,R014,C004,2026-01-08,2026-01-10,Delivered,2,2,0,412.92,0,412.92,False,False,,
D0525,O0370,R004,C012,2026-02-05,2026-02-11,Delayed,3,6,3,422.15,79.9,502.05,True,False,,
D0526,O0127,R001,C011,2026-01-31,,Failed,3,,0,169.4,105.75,275.15,False,True,Weather Conditions,External Issue
D0527,O0601,R006,C009,2026-02-14,2026-02-19,Delayed,2,5,3,537.05,85.77,622.82,True,False,,
D0528,O0292,R007,C001,2026-01-07,,Failed,2,,3,407.13,81.21,488.34,True,True,Wrong Address,Address Issue
D0529,O0694,R005,C004,2026-03-25,2026-03-30,Delayed,4,5,1,477.62,116.39,594.01,True,False,,
D0530,O0699,R008,C001,2026-01-17,,Failed,6,,0,180.94,76.92,257.86,False,True,Customer Unavailable,Customer Issue
D0531,O0966,R012,C005,2026-03-24,2026-03-27,Delivered,3,3,0,648.76,0,648.76,False,False,,
D0532,O0471,R004,C005,2026-03-01,,Failed,3,,2,376.8,21.25,398.05,True,True,Operational Delay,Operational Issue
D0533,O0524,R014,C011,2026-02-17,,Failed,5,,2,587.01,85.29,672.3,True,True,Operational Delay,Operational Issue
D0534,O0494,R006,C002,2026-02-05,2026-02-11,Delivered,6,6,0,327.29,0,327.29,False,False,,
D0535,O0729,R011,C015,2026-02-08,,Failed,2,,0,727.84,98.6,826.44,False,True,Wrong Address,Address Issue
D0536,O0822,R010,C013,2026-02-21,2026-02-27,Delivered,6,6,0,732.77,0,732.77,False,False,,
D0537,O0672,R005,C008,2026-02-03,2026-02-07,Delivered,4,4,0,432.86,0,432.86,False,False,,
D0538,O0598,R010,C012,2026-01-25,2026-01-30,Delayed,3,5,2,711.79,80.21,792.0,True,False,,
D0539,O0488,R011,C015,2026-02-15,2026-02-20,Delivered,5,5,0,697.13,0,697.13,False,False,,
D0540,O0898,R003,C009,2026-02-07,2026-02-08,Delivered,1,1,0,533.6,0,533.6,False,False,,
D0541,O0743,R009,C013,2026-01-24,2026-01-30,Delivered,6,6,0,375.57,0,375.57,False,False,,
D0542,O0229,R014,C012,2026-02-09,2026-02-16,Delayed,4,7,3,653.76,74.41,728.17,True,False,,
D0543,O0475,R002,C014,2026-03-02,,Failed,1,,3,548.83,17.83,566.66,True,True,Operational Delay,Operational Issue
D0544,O0911,R009,C004,2026-01-16,,Failed,6,,0,474.82,105.79,580.61,False,True,Vehicle Breakdown,Carrier Issue
D0545,O0155,R004,C003,2026-02-13,2026-02-18,Delayed,4,5,1,270.15,104.86,375.01,True,False,,
D0546,O0185,R002,C013,2026-03-04,2026-03-09,Delayed,3,5,2,309.1,16.38,325.48,True,False,,
D0547,O0463,R004,C005,2026-01-22,2026-01-30,Delayed,5,8,3,415.62,93.99,509.61,True,False,,
D0548,O0091,R010,C003,2026-02-25,2026-03-03,Delivered,6,6,0,557.42,0,557.42,False,False,,
D0549,O0489,R001,C007,2026-01-05,2026-01-10,Delivered,5,5,0,362.52,0,362.52,False,False,,
D0550,O0914,R013,C006,2026-03-09,2026-03-11,Delivered,2,2,0,901.35,0,901.35,False,False,,
D0551,O0255,R012,C004,2026-02-14,2026-02-17,Delivered,3,3,0,424.1,0,424.1,False,False,,
D0552,O0603,R003,C005,2026-01-09,2026-01-10,Delivered,1,1,0,411.05,0,411.05,False,False,,
D0553,O0533,R009,C010,2026-02-13,2026-02-19,Delayed,4,6,2,438.22,109.15,547.37,True,False,,
D0554,O0368,R004,C013,2026-01-22,2026-01-26,Delivered,4,4,0,304.21,0,304.21,False,False,,
D0555,O0135,R012,C004,2026-01-03,2026-01-09,Delayed,5,6,1,299.12,88.22,387.34,True,False,,
D0556,O0812,R007,C001,2026-03-23,,Failed,3,,3,164.58,119.41,283.99,True,True,Operational Delay,Operational Issue
D0557,O0678,R011,C002,2026-01-03,2026-01-06,Delayed,1,3,2,476.72,51.83,528.55,True,False,,
D0558,O0561,R008,C005,2026-03-31,2026-04-02,Delivered,2,2,0,200.28,0,200.28,False,False,,
D0559,O0678,R011,C002,2026-03-08,,Failed,3,,1,477.79,108.85,586.64,True,True,Wrong Address,Address Issue
D0560,O0524,R010,C012,2026-01-16,2026-01-19,Delivered,3,3,0,598.64,0,598.64,False,False,,
D0561,O0624,R013,C004,2026-02-03,2026-02-08,Delivered,5,5,0,962.75,0,962.75,False,False,,
D0562,O0303,R001,C003,2026-03-12,2026-03-16,Delivered,4,4,0,207.65,0,207.65,False,False,,
D0563,O0003,R011,C001,2026-01-12,,Failed,1,,3,337.56,19.91,357.47,True,True,Weather Conditions,External Issue
D0564,O0524,R012,C002,2026-01-13,2026-01-18,Delayed,3,5,2,459.24,117.5,576.74,True,False,,
D0565,O0271,R001,C008,2026-01-13,2026-01-18,Delayed,2,5,3,338.06,49.62,387.68,True,False,,
D0566,O0694,R007,C006,2026-01-15,2026-01-19,Delayed,1,4,3,152.9,25.22,178.12,True,False,,
D0567,O0663,R006,C003,2026-02-15,2026-02-20,Delayed,4,5,1,592.74,20.22,612.96,True,False,,
D0568,O0835,R003,C006,2026-01-15,2026-01-19,Delivered,4,4,0,331.89,0,331.89,False,False,,
D0569,O0395,R014,C012,2026-03-03,2026-03-09,Delayed,4,6,2,459.79,86.58,546.37,True,False,,
D0570,O0061,R003,C014,2026-01-14,2026-01-19,Delayed,4,5,1,559.97,84.62,644.59,True,False,,
D0571,O0186,R007,C010,2026-02-15,2026-02-20,Delivered,5,5,0,294.92,0,294.92,False,False,,
D0572,O0500,R015,C002,2026-02-22,2026-02-26,Delivered,4,4,0,913.94,0,913.94,False,False,,
D0573,O0322,R012,C001,2026-03-28,,Failed,5,,3,347.51,115.13,462.64,True,True,Operational Delay,Operational Issue
D0574,O0895,R009,C006,2026-03-08,,Failed,6,,2,485.08,89.93,575.01,True,True,Customer Unavailable,Customer Issue
D0575,O0494,R011,C006,2026-03-28,2026-04-03,Delivered,6,6,0,696.3,0,696.3,False,False,,
D0576,O0572,R010,C015,2026-01-07,2026-01-10,Delayed,1,3,2,603.34,61.62,664.96,True,False,,
D0577,O0508,R003,C014,2026-01-10,2026-01-14,Delivered,4,4,0,357.28,0,357.28,False,False,,
D0578,O0285,R009,C001,2026-01-29,2026-02-05,Delayed,5,7,2,469.7,35.85,505.55,True,False,,
D0579,O0471,R013,C008,2026-03-15,2026-03-19,Delivered,4,4,0,757.65,0,757.65,False,False,,
D0580,O0122,R012,C008,2026-03-25,2026-03-26,Delivered,1,1,0,437.92,0,437.92,False,False,,
D0581,O0571,R001,C009,2026-01-12,2026-01-18,Delayed,5,6,1,347.53,71.86,419.39,True,False,,
D0582,O0671,R008,C011,2026-02-13,2026-02-19,Delayed,3,6,3,329.15,102.87,432.02,True,False,,
D0583,O0340,R013,C009,2026-03-21,2026-03-26,Delivered,5,5,0,972.73,0,972.73,False,False,,
D0584,O0117,R013,C002,2026-03-26,2026-03-28,Delivered,2,2,0,684.11,0,684.11,False,False,,
D0585,O0649,R005,C013,2026-03-12,2026-03-17,Delivered,5,5,0,191.02,0,191.02,False,False,,
D0586,O0169,R003,C008,2026-02-22,,Failed,1,,0,295.64,112.32,407.96,False,True,Wrong Address,Address Issue
D0587,O0403,R008,C004,2026-01-25,2026-01-31,Delivered,6,6,0,314.29,0,314.29,False,False,,
D0588,O0048,R011,C015,2026-03-28,2026-04-02,Delivered,5,5,0,497.84,0,497.84,False,False,,
D0589,O0604,R003,C009,2026-03-05,2026-03-07,Delayed,1,2,1,452.89,57.61,510.5,True,False,,
D0590,O0600,R015,C008,2026-03-07,,Failed,2,,2,1476.59,24.12,1500.71,True,True,Wrong Address,Address Issue
D0591,O0397,R010,C011,2026-03-19,2026-03-23,Delayed,3,4,1,551.2,76.99,628.19,True,False,,
D0592,O0710,R004,C013,2026-02-05,2026-02-09,Delivered,4,4,0,400.2,0,400.2,False,False,,
D0593,O0137,R007,C003,2026-03-19,,Failed,6,,2,402.92,70.26,473.18,True,True,Vehicle Breakdown,Carrier Issue
D0594,O0322,R012,C012,2026-03-12,2026-03-18,Delivered,6,6,0,340.66,0,340.66,False,False,,
D0595,O0732,R011,C005,2026-02-14,2026-02-20,Delivered,6,6,0,522.02,0,522.02,False,False,,
D0596,O0711,R006,C011,2026-01-15,2026-01-19,Delayed,3,4,1,465.61,113.69,579.3,True,False,,
D0597,O0728,R011,C007,2026-03-10,2026-03-16,Delayed,3,6,3,680.32,67.5,747.82,True,False,,
D0598,O0026,R003,C007,2026-01-07,2026-01-13,Delivered,6,6,0,329.8,0,329.8,False,False,,
D0599,O0805,R005,C003,2026-03-29,2026-04-01,Delivered,3,3,0,416.71,0,416.71,False,False,,
D0600,O0303,R013,C004,2026-03-11,2026-03-12,Delivered,1,1,0,481.98,0,481.98,False,False,,
D0601,O0889,R012,C011,2026-03-13,,Failed,2,,2,354.05,96.27,450.32,True,True,Weather Conditions,External Issue
D0602,O0818,R005,C012,2026-03-30,2026-04-05,Delivered,6,6,0,310.64,0,310.64,False,False,,
D0603,O0980,R011,C013,2026-02-10,2026-02-15,Delivered,5,5,0,646.71,0,646.71,False,False,,
D0604,O0208,R014,C010,2026-02-26,2026-03-02,Delayed,2,4,2,941.33,70.13,1011.46,True,False,,
D0605,O0618,R013,C004,2026-01-25,2026-01-28,Delivered,3,3,0,1186.76,0,1186.76,False,False,,
D0606,O0077,R003,C003,2026-03-07,2026-03-08,Delivered,1,1,0,399.26,0,399.26,False,False,,
D0607,O0570,R003,C005,2026-01-21,2026-01-29,Delayed,5,8,3,217.43,61.3,278.73,True,False,,
D0608,O0960,R001,C003,2026-01-20,2026-01-24,Delayed,3,4,1,318.42,78.79,397.21,True,False,,
D0609,O0864,R005,C011,2026-03-04,2026-03-10,Delayed,5,6,1,200.51,87.84,288.35,True,False,,
D0610,O0539,R003,C004,2026-03-08,,Failed,1,,3,393.85,69.07,462.92,True,True,Wrong Address,Address Issue
D0611,O0095,R004,C006,2026-01-28,2026-02-03,Delivered,6,6,0,361.54,0,361.54,False,False,,
D0612,O0224,R010,C013,2026-03-09,2026-03-14,Delayed,4,5,1,368.83,48.06,416.89,True,False,,
D0613,O0247,R011,C015,2026-03-20,2026-03-25,Delivered,5,5,0,614.93,0,614.93,False,False,,
D0614,O0329,R015,C007,2026-01-15,,Failed,4,,0,629.65,66.86,696.51,False,True,Vehicle Breakdown,Carrier Issue
D0615,O0789,R009,C006,2026-03-07,2026-03-11,Delivered,4,4,0,414.15,0,414.15,False,False,,
D0616,O0668,R006,C004,2026-03-07,2026-03-08,Delivered,1,1,0,632.8,0,632.8,False,False,,
D0617,O0792,R009,C009,2026-01-01,2026-01-07,Delivered,6,6,0,608.57,0,608.57,False,False,,
D0618,O0793,R014,C004,2026-03-29,2026-04-05,Delayed,4,7,3,529.18,101.16,630.34,True,False,,
D0619,O0900,R013,C012,2026-02-25,2026-03-06,Delayed,6,9,3,997.51,26.91,1024.42,True,False,,
D0620,O0471,R006,C012,2026-01-05,2026-01-06,Delivered,1,1,0,291.54,0,291.54,False,False,,
D0621,O0258,R002,C009,2026-03-15,2026-03-17,Delivered,2,2,0,337.45,0,337.45,False,False,,
D0622,O0646,R007,C007,2026-02-10,2026-02-11,Delivered,1,1,0,310.45,0,310.45,False,False,,
D0623,O0657,R010,C012,2026-01-09,2026-01-16,Delayed,6,7,1,720.53,17.98,738.51,True,False,,
D0624,O0951,R002,C009,2026-02-07,,Failed,6,,0,296.98,111.94,408.92,False,True,Customer Unavailable,Customer Issue
D0625,O0391,R014,C007,2026-03-26,2026-03-27,Delivered,1,1,0,775.1,0,775.1,False,False,,
D0626,O0140,R007,C012,2026-03-11,2026-03-16,Delayed,3,5,2,239.42,107.57,346.99,True,False,,
D0627,O0989,R014,C013,2026-03-24,,Failed,3,,0,481.03,14.6,495.63,False,True,Operational Delay,Operational Issue
D0628,O0587,R007,C010,2026-03-10,2026-03-15,Delivered,5,5,0,213.02,0,213.02,False,False,,
D0629,O0760,R012,C015,2026-02-14,,Failed,2,,0,317.26,34.29,351.55,False,True,Wrong Address,Address Issue
D0630,O0855,R004,C005,2026-01-15,,Failed,2,,2,567.58,112.56,680.14,True,True,Customer Unavailable,Customer Issue
D0631,O0563,R011,C008,2026-03-12,2026-03-13,Delivered,1,1,0,390.36,0,390.36,False,False,,
D0632,O0203,R010,C012,2026-03-04,2026-03-07,Delivered,3,3,0,702.78,0,702.78,False,False,,
D0633,O0241,R005,C002,2026-03-21,2026-03-22,Delivered,1,1,0,345.05,0,345.05,False,False,,
D0634,O0337,R011,C010,2026-02-09,2026-02-16,Delayed,6,7,1,554.09,50.09,604.18,True,False,,
D0635,O0324,R003,C007,2026-01-01,2026-01-04,Delivered,3,3,0,521.25,0,521.25,False,False,,
D0636,O0657,R005,C007,2026-02-16,2026-02-20,Delayed,2,4,2,482.26,60.91,543.17,True,False,,
D0637,O0368,R005,C013,2026-03-04,2026-03-09,Delivered,5,5,0,400.94,0,400.94,False,False,,
D0638,O0084,R005,C014,2026-01-18,2026-01-23,Delivered,5,5,0,431.74,0,431.74,False,False,,
D0639,O0642,R012,C002,2026-01-10,,Failed,1,,3,630.07,73.68,703.75,True,True,Customer Unavailable,Customer Issue
D0640,O0788,R004,C010,2026-01-05,,Failed,5,,0,408.28,95.27,503.55,False,True,Operational Delay,Operational Issue
D0641,O0375,R004,C007,2026-03-17,2026-03-26,Delayed,6,9,3,266.23,65.12,331.35,True,False,,
D0642,O0093,R006,C007,2026-03-06,2026-03-09,Delayed,1,3,2,579.63,98.72,678.35,True,False,,
D0643,O0629,R003,C011,2026-03-07,2026-03-09,Delivered,2,2,0,292.03,0,292.03,False,False,,
D0644,O0972,R011,C010,2026-01-19,2026-01-27,Delayed,6,8,2,748.37,14.45,762.82,True,False,,
D0645,O0780,R004,C008,2026-01-09,2026-01-12,Delivered,3,3,0,227.98,0,227.98,False,False,,
D0646,O0212,R015,C009,2026-02-16,2026-02-20,Delivered,4,4,0,1657.86,0,1657.86,False,False,,
D0647,O0041,R006,C011,2026-01-14,2026-01-21,Delayed,6,7,1,574.0,38.96,612.96,True,False,,
D0648,O0558,R003,C010,2026-02-18,2026-02-24,Delivered,6,6,0,467.7,0,467.7,False,False,,
D0649,O0920,R002,C014,2026-03-08,2026-03-11,Delivered,3,3,0,386.22,0,386.22,False,False,,
D0650,O0362,R014,C014,2026-02-14,2026-02-21,Delayed,4,7,3,1040.38,10.73,1051.11,True,False,,
D0651,O0904,R008,C003,2026-01-22,,Failed,2,,0,177.88,30.56,208.44,False,True,Vehicle Breakdown,Carrier Issue
D0652,O0371,R012,C010,2026-01-16,2026-01-22,Delivered,6,6,0,629.36,0,629.36,False,False,,
D0653,O0738,R008,C002,2026-03-28,2026-04-01,Delivered,4,4,0,272.7,0,272.7,False,False,,
D0654,O0663,R007,C014,2026-01-03,2026-01-05,Delivered,2,2,0,322.05,0,322.05,False,False,,
D0655,O0165,R011,C003,2026-03-07,2026-03-09,Delayed,1,2,1,289.07,38.41,327.48,True,False,,
D0656,O0185,R007,C009,2026-03-18,2026-03-25,Delayed,5,7,2,413.55,90.08,503.63,True,False,,
D0657,O0842,R002,C005,2026-01-28,2026-02-02,Delayed,4,5,1,519.57,28.76,548.33,True,False,,
D0658,O0851,R010,C007,2026-01-19,2026-01-27,Delayed,5,8,3,673.93,66.19,740.12,True,False,,
D0659,O0172,R011,C012,2026-02-13,,Failed,4,,1,379.5,52.4,431.9,True,True,Customer Unavailable,Customer Issue
D0660,O0112,R004,C001,2026-03-08,2026-03-15,Delayed,5,7,2,557.14,76.61,633.75,True,False,,
D0661,O0182,R015,C008,2026-03-20,,Failed,5,,0,1502.86,20.25,1523.11,False,True,Operational Delay,Operational Issue
D0662,O0676,R015,C003,2026-03-19,2026-03-27,Delayed,5,8,3,1676.36,95.24,1771.6,True,False,,
D0663,O0665,R009,C007,2026-02-23,2026-03-01,Delayed,3,6,3,622.77,57.19,679.96,True,False,,
D0664,O0961,R008,C013,2026-02-18,,Failed,3,,1,231.37,38.0,269.37,True,True,Customer Unavailable,Customer Issue
D0665,O0785,R015,C004,2026-01-11,,Failed,3,,1,909.37,10.6,919.97,True,True,Weather Conditions,External Issue
D0666,O0762,R001,C013,2026-03-15,,Failed,5,,0,218.76,32.6,251.36,False,True,Customer Unavailable,Customer Issue
D0667,O0824,R007,C006,2026-02-16,2026-02-17,Delivered,1,1,0,345.47,0,345.47,False,False,,
D0668,O0260,R014,C005,2026-03-10,2026-03-15,Delayed,4,5,1,833.91,119.1,953.01,True,False,,
D0669,O0407,R004,C013,2026-02-22,,Failed,5,,3,285.06,71.5,356.56,True,True,Weather Conditions,External Issue
D0670,O0496,R005,C005,2026-03-15,2026-03-21,Delayed,3,6,3,432.52,104.05,536.57,True,False,,
D0671,O0676,R012,C002,2026-01-30,2026-02-06,Delayed,4,7,3,288.13,65.92,354.05,True,False,,
D0672,O0805,R013,C006,2026-03-12,2026-03-19,Delayed,5,7,2,528.59,116.1,644.69,True,False,,
D0673,O0006,R002,C013,2026-01-19,2026-01-24,Delayed,4,5,1,223.49,38.94,262.43,True,False,,
D0674,O0380,R010,C002,2026-01-05,2026-01-11,Delivered,6,6,0,668.38,0,668.38,False,False,,
D0675,O0534,R012,C005,2026-03-18,2026-03-22,Delayed,1,4,3,547.34,58.29,605.63,True,False,,
D0676,O0207,R011,C014,2026-03-08,2026-03-11,Delivered,3,3,0,667.66,0,667.66,False,False,,
D0677,O0523,R012,C009,2026-01-30,2026-02-04,Delivered,5,5,0,412.68,0,412.68,False,False,,
D0678,O0671,R003,C001,2026-01-12,2026-01-18,Delayed,3,6,3,366.84,53.47,420.31,True,False,,
D0679,O0601,R009,C004,2026-01-02,2026-01-10,Delayed,6,8,2,737.97,70.46,808.43,True,False,,
D0680,O0744,R009,C014,2026-03-16,2026-03-19,Delivered,3,3,0,377.67,0,377.67,False,False,,
D0681,O0987,R008,C004,2026-02-21,2026-02-26,Delivered,5,5,0,168.76,0,168.76,False,False,,
D0682,O0519,R009,C002,2026-01-10,2026-01-15,Delivered,5,5,0,752.45,0,752.45,False,False,,
D0683,O0823,R005,C009,2026-03-10,2026-03-15,Delivered,5,5,0,513.12,0,513.12,False,False,,
D0684,O0577,R013,C008,2026-02-01,2026-02-07,Delayed,3,6,3,945.28,108.62,1053.9,True,False,,
D0685,O0883,R008,C001,2026-01-15,2026-01-18,Delivered,3,3,0,283.42,0,283.42,False,False,,
D0686,O0226,R012,C011,2026-01-30,2026-02-02,Delivered,3,3,0,487.92,0,487.92,False,False,,
D0687,O0010,R014,C012,2026-02-03,2026-02-05,Delivered,2,2,0,674.2,0,674.2,False,False,,
D0688,O0767,R006,C014,2026-01-10,2026-01-15,Delivered,5,5,0,349.97,0,349.97,False,False,,
D0689,O0224,R010,C015,2026-02-04,2026-02-08,Delayed,2,4,2,599.4,31.96,631.36,True,False,,
D0690,O0754,R014,C004,2026-02-03,2026-02-05,Delivered,2,2,0,1001.21,0,1001.21,False,False,,
D0691,O0857,R006,C010,2026-01-20,2026-01-21,Delivered,1,1,0,505.6,0,505.6,False,False,,
D0692,O0680,R010,C008,2026-01-01,2026-01-06,Delivered,5,5,0,522.72,0,522.72,False,False,,
D0693,O0323,R015,C008,2026-03-15,2026-03-18,Delivered,3,3,0,1781.27,0,1781.27,False,False,,
D0694,O0938,R005,C009,2026-02-20,,Failed,2,,3,193.95,97.92,291.87,True,True,Wrong Address,Address Issue
D0695,O0490,R001,C009,2026-03-06,2026-03-09,Delivered,3,3,0,239.3,0,239.3,False,False,,
D0696,O0124,R009,C012,2026-02-28,2026-03-05,Delayed,3,5,2,266.15,33.18,299.33,True,False,,
D0697,O0595,R006,C002,2026-02-16,2026-02-24,Delayed,5,8,3,295.48,38.91,334.39,True,False,,
D0698,O0276,R010,C008,2026-02-13,2026-02-16,Delivered,3,3,0,554.37,0,554.37,False,False,,
D0699,O0430,R013,C012,2026-02-17,2026-02-23,Delayed,3,6,3,623.7,29.79,653.49,True,False,,
D0700,O0135,R011,C010,2026-01-30,2026-02-02,Delayed,1,3,2,678.13,71.09,749.22,True,False,,
D0701,O0877,R004,C007,2026-01-19,2026-01-25,Delivered,6,6,0,548.38,0,548.38,False,False,,
D0702,O0181,R008,C007,2026-01-18,,Failed,6,,1,321.33,43.0,364.33,True,True,Vehicle Breakdown,Carrier Issue
D0703,O0576,R010,C014,2026-01-07,2026-01-11,Delivered,4,4,0,336.02,0,336.02,False,False,,
D0704,O0834,R008,C005,2026-03-22,2026-03-23,Delivered,1,1,0,189.94,0,189.94,False,False,,
D0705,O0369,R009,C009,2026-02-02,2026-02-05,Delivered,3,3,0,323.04,0,323.04,False,False,,
D0706,O0889,R010,C011,2026-01-26,,Failed,5,,1,887.62,41.31,928.93,True,True,Wrong Address,Address Issue
D0707,O0333,R009,C011,2026-03-04,2026-03-10,Delivered,6,6,0,458.16,0,458.16,False,False,,
D0708,O0294,R011,C008,2026-01-19,2026-01-23,Delayed,2,4,2,479.34,77.35,556.69,True,False,,
D0709,O0415,R015,C014,2026-01-10,2026-01-11,Delivered,1,1,0,873.86,0,873.86,False,False,,
D0710,O0325,R005,C011,2026-02-04,2026-02-11,Delayed,5,7,2,269.94,58.94,328.88,True,False,,
D0711,O0884,R012,C006,2026-03-17,2026-03-22,Delivered,5,5,0,320.31,0,320.31,False,False,,
D0712,O0875,R003,C001,2026-01-31,2026-02-06,Delivered,6,6,0,305.55,0,305.55,False,False,,
D0713,O0407,R002,C002,2026-01-09,2026-01-14,Delayed,4,5,1,200.02,53.67,253.69,True,False,,
D0714,O0784,R002,C002,2026-02-03,2026-02-08,Delivered,5,5,0,438.84,0,438.84,False,False,,
D0715,O0907,R005,C007,2026-01-30,2026-02-03,Delayed,2,4,2,330.11,23.91,354.02,True,False,,
D0716,O0540,R003,C014,2026-01-04,2026-01-07,Delayed,1,3,2,584.96,45.77,630.73,True,False,,
D0717,O0488,R014,C008,2026-03-11,2026-03-15,Delayed,3,4,1,476.34,114.33,590.67,True,False,,
D0718,O0553,R010,C003,2026-03-18,,Failed,4,,2,614.08,80.35,694.43,True,True,Weather Conditions,External Issue
D0719,O0318,R006,C015,2026-03-03,2026-03-08,Delivered,5,5,0,405.0,0,405.0,False,False,,
D0720,O0375,R005,C007,2026-01-20,2026-01-23,Delivered,3,3,0,358.16,0,358.16,False,False,,
D0721,O0777,R003,C014,2026-02-14,,Failed,3,,0,510.74,64.11,574.85,False,True,Customer Unavailable,Customer Issue
D0722,O0774,R005,C008,2026-01-02,2026-01-09,Delayed,4,7,3,383.95,97.64,481.59,True,False,,
D0723,O0562,R004,C006,2026-02-22,2026-02-27,Delivered,5,5,0,314.96,0,314.96,False,False,,
D0724,O0733,R011,C012,2026-02-19,2026-02-23,Delivered,4,4,0,301.19,0,301.19,False,False,,
D0725,O0641,R009,C004,2026-03-20,2026-03-28,Delayed,6,8,2,408.03,91.72,499.75,True,False,,
D0726,O0829,R007,C005,2026-01-25,2026-01-26,Delivered,1,1,0,236.88,0,236.88,False,False,,
D0727,O0653,R010,C008,2026-02-27,,Failed,3,,2,412.67,12.13,424.8,True,True,Weather Conditions,External Issue
D0728,O0051,R001,C009,2026-01-24,2026-01-25,Delivered,1,1,0,156.26,0,156.26,False,False,,
D0729,O0449,R001,C012,2026-01-30,2026-01-31,Delivered,1,1,0,248.39,0,248.39,False,False,,
D0730,O0351,R005,C007,2026-03-05,2026-03-08,Delivered,3,3,0,290.59,0,290.59,False,False,,
D0731,O0864,R003,C013,2026-01-08,2026-01-14,Delayed,3,6,3,245.7,61.72,307.42,True,False,,
D0732,O0197,R014,C015,2026-02-02,2026-02-09,Delayed,4,7,3,466.47,94.5,560.97,True,False,,
D0733,O0255,R013,C007,2026-02-26,2026-03-02,Delayed,2,4,2,559.34,90.89,650.23,True,False,,
D0734,O0097,R011,C009,2026-01-27,2026-01-31,Delivered,4,4,0,746.83,0,746.83,False,False,,
D0735,O0163,R012,C011,2026-01-06,,Failed,6,,1,361.59,80.24,441.83,True,True,Customer Unavailable,Customer Issue
D0736,O0204,R015,C006,2026-01-07,2026-01-13,Delivered,6,6,0,883.16,0,883.16,False,False,,
D0737,O0445,R001,C006,2026-01-22,2026-01-26,Delayed,3,4,1,223.95,36.74,260.69,True,False,,
D0738,O0993,R010,C001,2026-03-30,,Failed,4,,2,522.84,19.84,542.68,True,True,Wrong Address,Address Issue
D0739,O0162,R002,C008,2026-03-29,2026-04-03,Delivered,5,5,0,212.71,0,212.71,False,False,,
D0740,O0661,R012,C003,2026-03-10,2026-03-11,Delivered,1,1,0,351.68,0,351.68,False,False,,
D0741,O0572,R011,C013,2026-02-14,2026-02-20,Delayed,4,6,2,271.1,51.55,322.65,True,False,,
D0742,O0742,R005,C003,2026-01-06,2026-01-12,Delayed,4,6,2,370.66,69.7,440.36,True,False,,
D0743,O0502,R010,C004,2026-01-24,2026-01-29,Delivered,5,5,0,739.44,0,739.44,False,False,,
D0744,O0282,R014,C014,2026-03-18,2026-03-23,Delivered,5,5,0,773.35,0,773.35,False,False,,
D0745,O0461,R014,C005,2026-02-03,2026-02-08,Delivered,5,5,0,375.54,0,375.54,False,False,,
D0746,O0654,R007,C009,2026-01-24,2026-01-26,Delayed,1,2,1,382.8,36.27,419.07,True,False,,
D0747,O0739,R011,C002,2026-03-10,,Failed,4,,0,658.18,26.95,685.13,False,True,Weather Conditions,External Issue
D0748,O0290,R007,C006,2026-03-24,2026-03-27,Delivered,3,3,0,306.96,0,306.96,False,False,,
D0749,O0069,R014,C001,2026-01-17,2026-01-22,Delayed,2,5,3,526.56,63.39,589.95,True,False,,
D0750,O0102,R010,C001,2026-03-24,2026-03-30,Delayed,4,6,2,615.49,87.14,702.63,True,False,,
D0751,O0263,R006,C001,2026-01-29,2026-02-05,Delayed,5,7,2,220.63,111.31,331.94,True,False,,
D0752,O0672,R015,C008,2026-01-11,2026-01-18,Delayed,4,7,3,1033.11,91.78,1124.89,True,False,,
D0753,O0912,R014,C007,2026-02-17,,Failed,6,,0,771.77,90.77,862.54,False,True,Vehicle Breakdown,Carrier Issue
D0754,O0855,R002,C005,2026-01-28,2026-02-02,Delivered,5,5,0,465.57,0,465.57,False,False,,
D0755,O0545,R004,C007,2026-01-25,2026-02-01,Delayed,5,7,2,449.41,114.23,563.64,True,False,,
D0756,O0572,R009,C012,2026-02-23,,Failed,6,,0,610.74,87.28,698.02,False,True,Vehicle Breakdown,Carrier Issue
D0757,O0438,R002,C015,2026-01-22,2026-01-25,Delayed,2,3,1,381.78,82.33,464.11,True,False,,
D0758,O0547,R008,C010,2026-02-15,2026-02-19,Delayed,3,4,1,336.21,55.36,391.57,True,False,,
D0759,O0649,R014,C007,2026-02-11,,Failed,5,,0,535.45,94.23,629.68,False,True,Operational Delay,Operational Issue
D0760,O0949,R005,C012,2026-02-16,2026-02-20,Delivered,4,4,0,175.07,0,175.07,False,False,,
D0761,O0036,R010,C005,2026-01-03,2026-01-08,Delivered,5,5,0,303.94,0,303.94,False,False,,
D0762,O0228,R014,C004,2026-02-10,2026-02-14,Delayed,1,4,3,1064.33,66.24,1130.57,True,False,,
D0763,O0585,R010,C015,2026-01-20,2026-01-21,Delivered,1,1,0,513.39,0,513.39,False,False,,
D0764,O0142,R006,C005,2026-03-16,2026-03-18,Delivered,2,2,0,563.76,0,563.76,False,False,,
D0765,O0095,R007,C010,2026-03-14,2026-03-18,Delayed,2,4,2,367.07,97.22,464.29,True,False,,
D0766,O0178,R014,C008,2026-03-30,2026-04-06,Delayed,6,7,1,821.42,43.04,864.46,True,False,,
D0767,O0749,R010,C013,2026-02-18,2026-02-22,Delayed,1,4,3,853.12,46.78,899.9,True,False,,
D0768,O0901,R007,C014,2026-02-23,2026-02-27,Delayed,1,4,3,374.3,103.44,477.74,True,False,,
D0769,O0951,R011,C001,2026-03-22,2026-03-26,Delivered,4,4,0,532.68,0,532.68,False,False,,
D0770,O0327,R010,C009,2026-01-20,2026-01-24,Delayed,3,4,1,391.92,84.1,476.02,True,False,,
D0771,O0403,R013,C008,2026-03-18,2026-03-24,Delayed,5,6,1,577.67,41.88,619.55,True,False,,
D0772,O0404,R003,C003,2026-02-13,,Failed,1,,0,450.71,38.88,489.59,False,True,Customer Unavailable,Customer Issue
D0773,O0409,R007,C009,2026-03-31,2026-04-05,Delayed,2,5,3,294.28,31.79,326.07,True,False,,
D0774,O0405,R010,C011,2026-01-26,,Failed,5,,1,445.39,39.29,484.68,True,True,Wrong Address,Address Issue
D0775,O0441,R011,C006,2026-03-15,2026-03-16,Delivered,1,1,0,480.24,0,480.24,False,False,,
D0776,O0357,R006,C004,2026-02-14,2026-02-21,Delayed,5,7,2,545.96,28.62,574.58,True,False,,
D0777,O0359,R014,C010,2026-02-26,2026-03-03,Delivered,5,5,0,408.66,0,408.66,False,False,,
D0778,O0838,R004,C004,2026-03-29,2026-04-01,Delivered,3,3,0,257.2,0,257.2,False,False,,
D0779,O0056,R010,C004,2026-01-19,2026-01-22,Delivered,3,3,0,716.28,0,716.28,False,False,,
D0780,O0114,R008,C005,2026-03-02,2026-03-03,Delivered,1,1,0,310.0,0,310.0,False,False,,
D0781,O0217,R009,C004,2026-03-08,2026-03-12,Delayed,3,4,1,583.98,119.15,703.13,True,False,,
D0782,O0712,R011,C012,2026-01-03,,Failed,4,,1,392.84,16.61,409.45,True,True,Customer Unavailable,Customer Issue
D0783,O0206,R012,C013,2026-03-21,2026-03-24,Delivered,3,3,0,554.28,0,554.28,False,False,,
D0784,O0009,R007,C002,2026-03-26,2026-03-31,Delayed,3,5,2,409.28,12.1,421.38,True,False,,
D0785,O0889,R011,C015,2026-02-19,,Failed,2,,0,730.01,63.31,793.32,False,True,Customer Unavailable,Customer Issue
D0786,O0612,R002,C009,2026-01-24,2026-01-27,Delayed,2,3,1,403.06,88.37,491.43,True,False,,
D0787,O0041,R015,C004,2026-03-09,2026-03-12,Delivered,3,3,0,1072.08,0,1072.08,False,False,,
D0788,O0161,R006,C001,2026-03-29,2026-04-01,Delivered,3,3,0,316.57,0,316.57,False,False,,
D0789,O0514,R013,C005,2026-01-08,2026-01-14,Delivered,6,6,0,1112.32,0,1112.32,False,False,,
D0790,O0835,R009,C001,2026-02-05,2026-02-07,Delivered,2,2,0,726.53,0,726.53,False,False,,
D0791,O0673,R002,C003,2026-02-18,,Failed,5,,2,348.59,73.02,421.61,True,True,Wrong Address,Address Issue
D0792,O0437,R015,C005,2026-03-19,,Failed,3,,0,848.11,25.24,873.35,False,True,Wrong Address,Address Issue
D0793,O0555,R013,C011,2026-01-26,,Failed,2,,0,744.05,109.99,854.04,False,True,Wrong Address,Address Issue
D0794,O0789,R011,C003,2026-03-14,2026-03-16,Delivered,2,2,0,549.82,0,549.82,False,False,,
D0795,O0972,R002,C012,2026-01-24,2026-01-30,Delayed,3,6,3,466.29,94.2,560.49,True,False,,
D0796,O0902,R007,C007,2026-02-08,2026-02-14,Delayed,4,6,2,195.59,30.67,226.26,True,False,,
D0797,O0135,R001,C003,2026-03-20,,Failed,5,,0,278.09,75.6,353.69,False,True,Operational Delay,Operational Issue
D0798,O0237,R001,C011,2026-02-15,2026-02-18,Delayed,1,3,2,158.52,103.08,261.6,True,False,,
D0799,O0481,R011,C012,2026-02-17,2026-02-22,Delayed,2,5,3,515.55,25.13,540.68,True,False,,
D0800,O0198,R001,C004,2026-02-22,2026-02-23,Delivered,1,1,0,180.64,0,180.64,False,False,,
D0801,O0688,R013,C004,2026-01-27,2026-01-28,Delivered,1,1,0,1093.7,0,1093.7,False,False,,
D0802,O0502,R006,C012,2026-02-28,2026-03-02,Delivered,2,2,0,548.77,0,548.77,False,False,,
D0803,O0623,R014,C012,2026-02-18,2026-02-24,Delivered,6,6,0,833.63,0,833.63,False,False,,
D0804,O0761,R010,C010,2026-03-10,2026-03-17,Delayed,5,7,2,612.39,59.68,672.07,True,False,,
D0805,O0847,R001,C015,2026-02-01,2026-02-07,Delayed,5,6,1,370.96,14.32,385.28,True,False,,
D0806,O0397,R013,C009,2026-03-22,2026-03-23,Delivered,1,1,0,751.64,0,751.64,False,False,,
D0807,O0906,R013,C005,2026-02-06,2026-02-10,Delivered,4,4,0,635.54,0,635.54,False,False,,
D0808,O0942,R012,C001,2026-03-08,2026-03-10,Delivered,2,2,0,283.41,0,283.41,False,False,,
D0809,O0513,R003,C002,2026-03-16,2026-03-23,Delayed,6,7,1,384.02,45.58,429.6,True,False,,
D0810,O0026,R008,C003,2026-03-17,2026-03-23,Delivered,6,6,0,147.54,0,147.54,False,False,,
D0811,O0332,R011,C012,2026-01-21,2026-01-29,Delayed,6,8,2,307.42,87.68,395.1,True,False,,
D0812,O0650,R002,C006,2026-03-09,,Failed,6,,0,550.91,51.65,602.56,False,True,Operational Delay,Operational Issue
D0813,O0390,R013,C001,2026-01-22,2026-01-26,Delayed,3,4,1,529.7,25.91,555.61,True,False,,
D0814,O0788,R001,C012,2026-02-23,2026-02-26,Delivered,3,3,0,197.2,0,197.2,False,False,,
D0815,O0186,R015,C002,2026-01-17,,Failed,2,,0,614.65,64.74,679.39,False,True,Vehicle Breakdown,Carrier Issue
D0816,O0511,R013,C009,2026-01-01,2026-01-06,Delivered,5,5,0,573.5,0,573.5,False,False,,
D0817,O0676,R008,C008,2026-02-22,,Failed,4,,0,126.64,107.04,233.68,False,True,Operational Delay,Operational Issue
D0818,O0285,R011,C010,2026-03-13,2026-03-15,Delivered,2,2,0,337.09,0,337.09,False,False,,
D0819,O0669,R001,C006,2026-01-19,,Failed,1,,2,199.61,111.24,310.85,True,True,Operational Delay,Operational Issue
D0820,O0051,R007,C002,2026-01-23,2026-01-27,Delayed,2,4,2,333.33,86.07,419.4,True,False,,
D0821,O0610,R013,C010,2026-03-13,,Failed,2,,0,1145.18,20.24,1165.42,False,True,Vehicle Breakdown,Carrier Issue
D0822,O0307,R006,C006,2026-02-18,2026-02-22,Delayed,1,4,3,577.62,17.14,594.76,True,False,,
D0823,O0483,R002,C003,2026-03-30,,Failed,3,,0,389.37,86.54,475.91,False,True,Weather Conditions,External Issue
D0824,O0627,R002,C001,2026-03-15,,Failed,6,,2,373.79,85.75,459.54,True,True,Customer Unavailable,Customer Issue
D0825,O0957,R012,C013,2026-02-06,2026-02-11,Delayed,4,5,1,364.64,73.27,437.91,True,False,,
D0826,O0639,R015,C006,2026-01-17,2026-01-23,Delayed,5,6,1,1223.65,79.5,1303.15,True,False,,
D0827,O0505,R003,C013,2026-03-20,2026-03-24,Delayed,2,4,2,636.08,10.17,646.25,True,False,,
D0828,O0025,R011,C008,2026-01-16,2026-01-25,Delayed,6,9,3,675.77,119.89,795.66,True,False,,
D0829,O0424,R006,C001,2026-02-14,2026-02-22,Delayed,5,8,3,219.86,32.13,251.99,True,False,,
D0830,O0289,R013,C005,2026-01-09,,Failed,3,,0,659.14,10.67,669.81,False,True,Operational Delay,Operational Issue
D0831,O0703,R006,C006,2026-02-20,,Failed,6,,1,572.78,31.34,604.12,True,True,Customer Unavailable,Customer Issue
D0832,O0854,R015,C006,2026-03-28,2026-04-01,Delivered,4,4,0,1374.78,0,1374.78,False,False,,
D0833,O0494,R011,C003,2026-02-28,2026-03-05,Delivered,5,5,0,667.67,0,667.67,False,False,,
D0834,O0424,R012,C015,2026-01-08,,Failed,5,,0,506.49,12.06,518.55,False,True,Vehicle Breakdown,Carrier Issue
D0835,O0592,R006,C011,2026-02-15,2026-02-16,Delivered,1,1,0,576.52,0,576.52,False,False,,
D0836,O0348,R011,C007,2026-03-10,,Failed,2,,1,357.44,22.85,380.29,True,True,Weather Conditions,External Issue
D0837,O0802,R005,C013,2026-02-10,2026-02-16,Delivered,6,6,0,319.85,0,319.85,False,False,,
D0838,O0509,R004,C015,2026-02-17,2026-02-24,Delayed,4,7,3,300.78,43.26,344.04,True,False,,
D0839,O0115,R013,C006,2026-01-05,2026-01-07,Delivered,2,2,0,804.8,0,804.8,False,False,,
D0840,O0819,R015,C008,2026-03-06,2026-03-08,Delivered,2,2,0,1708.36,0,1708.36,False,False,,
D0841,O0751,R009,C014,2026-02-09,2026-02-12,Delivered,3,3,0,687.51,0,687.51,False,False,,
D0842,O0961,R011,C009,2026-01-17,2026-01-21,Delayed,2,4,2,498.87,88.5,587.37,True,False,,
D0843,O0535,R001,C002,2026-02-09,,Failed,1,,2,208.32,107.81,316.13,True,True,Customer Unavailable,Customer Issue
D0844,O0106,R013,C009,2026-03-26,2026-04-01,Delivered,6,6,0,862.05,0,862.05,False,False,,
D0845,O0320,R015,C011,2026-01-27,2026-01-30,Delivered,3,3,0,943.88,0,943.88,False,False,,
D0846,O0546,R013,C006,2026-02-26,2026-03-04,Delivered,6,6,0,519.46,0,519.46,False,False,,
D0847,O0281,R001,C002,2026-03-21,2026-03-27,Delayed,5,6,1,176.64,48.53,225.17,True,False,,
D0848,O0327,R003,C005,2026-02-06,2026-02-11,Delivered,5,5,0,245.63,0,245.63,False,False,,
D0849,O0628,R006,C015,2026-03-11,2026-03-15,Delivered,4,4,0,227.47,0,227.47,False,False,,
D0850,O0925,R001,C011,2026-01-14,2026-01-18,Delivered,4,4,0,231.62,0,231.62,False,False,,
D0851,O0184,R010,C012,2026-03-17,2026-03-26,Delayed,6,9,3,669.79,44.37,714.16,True,False,,
D0852,O0838,R012,C004,2026-03-27,2026-04-01,Delivered,5,5,0,512.54,0,512.54,False,False,,
D0853,O0096,R013,C014,2026-03-31,2026-04-04,Delivered,4,4,0,648.31,0,648.31,False,False,,
D0854,O0660,R013,C012,2026-03-01,2026-03-05,Delivered,4,4,0,514.98,0,514.98,False,False,,
D0855,O0918,R005,C010,2026-02-16,2026-02-20,Delivered,4,4,0,451.07,0,451.07,False,False,,
D0856,O0904,R008,C006,2026-03-04,2026-03-05,Delivered,1,1,0,153.22,0,153.22,False,False,,
D0857,O0491,R014,C008,2026-01-22,2026-01-28,Delayed,3,6,3,828.33,24.01,852.34,True,False,,
D0858,O0106,R014,C007,2026-01-14,2026-01-18,Delayed,3,4,1,969.32,68.6,1037.92,True,False,,
D0859,O0411,R007,C010,2026-01-31,,Failed,5,,0,442.17,52.22,494.39,False,True,Wrong Address,Address Issue
D0860,O0349,R014,C004,2026-03-30,2026-04-04,Delivered,5,5,0,800.41,0,800.41,False,False,,
D0861,O0351,R012,C009,2026-01-31,2026-02-04,Delayed,2,4,2,594.9,88.31,683.21,True,False,,
D0862,O0857,R002,C008,2026-03-17,2026-03-22,Delivered,5,5,0,400.93,0,400.93,False,False,,
D0863,O0842,R003,C008,2026-02-09,,Failed,4,,0,509.77,75.6,585.37,False,True,Customer Unavailable,Customer Issue
D0864,O0840,R006,C007,2026-03-05,2026-03-13,Delayed,6,8,2,253.93,99.87,353.8,True,False,,
D0865,O0909,R015,C010,2026-03-23,2026-03-27,Delayed,1,4,3,1393.06,59.83,1452.89,True,False,,
D0866,O0299,R010,C007,2026-03-15,2026-03-19,Delivered,4,4,0,708.91,0,708.91,False,False,,
D0867,O0325,R010,C005,2026-03-28,2026-03-31,Delivered,3,3,0,894.17,0,894.17,False,False,,
D0868,O0597,R010,C001,2026-03-07,2026-03-14,Delayed,4,7,3,811.5,16.87,828.37,True,False,,
D0869,O0923,R001,C009,2026-01-01,2026-01-08,Delayed,6,7,1,152.42,41.04,193.46,True,False,,
D0870,O0032,R007,C004,2026-03-31,2026-04-05,Delivered,5,5,0,363.53,0,363.53,False,False,,
D0871,O0416,R007,C007,2026-03-11,2026-03-15,Delayed,2,4,2,292.46,30.7,323.16,True,False,,
D0872,O0394,R015,C014,2026-02-16,2026-02-20,Delivered,4,4,0,1796.95,0,1796.95,False,False,,
D0873,O0687,R003,C003,2026-01-02,2026-01-05,Delayed,1,3,2,276.92,107.34,384.26,True,False,,
D0874,O0674,R003,C007,2026-01-11,2026-01-15,Delayed,2,4,2,584.87,108.29,693.16,True,False,,
D0875,O0713,R015,C010,2026-02-24,2026-03-01,Delivered,5,5,0,1211.3,0,1211.3,False,False,,
D0876,O0566,R008,C014,2026-02-19,2026-02-22,Delivered,3,3,0,231.19,0,231.19,False,False,,
D0877,O0008,R008,C010,2026-01-31,2026-02-07,Delayed,6,7,1,227.71,70.08,297.79,True,False,,
D0878,O0376,R001,C001,2026-03-14,2026-03-20,Delayed,4,6,2,153.29,62.97,216.26,True,False,,
D0879,O0708,R003,C002,2026-03-09,,Failed,3,,0,440.04,77.11,517.15,False,True,Customer Unavailable,Customer Issue
D0880,O0252,R011,C008,2026-03-26,,Failed,6,,0,422.5,15.81,438.31,False,True,Operational Delay,Operational Issue
D0881,O0352,R013,C009,2026-01-02,,Failed,4,,0,859.17,46.47,905.64,False,True,Weather Conditions,External Issue
D0882,O0362,R005,C013,2026-02-07,,Failed,2,,0,429.44,72.01,501.45,False,True,Vehicle Breakdown,Carrier Issue
D0883,O0063,R008,C011,2026-03-16,2026-03-19,Delayed,2,3,1,289.08,42.09,331.17,True,False,,
D0884,O0756,R001,C010,2026-02-06,2026-02-10,Delivered,4,4,0,251.4,0,251.4,False,False,,
D0885,O0872,R005,C013,2026-02-02,2026-02-05,Delayed,2,3,1,271.33,38.27,309.6,True,False,,
D0886,O0760,R010,C002,2026-01-23,2026-01-30,Delayed,5,7,2,695.49,50.67,746.16,True,False,,
D0887,O0180,R013,C005,2026-03-31,2026-04-02,Delivered,2,2,0,1039.5,0,1039.5,False,False,,
D0888,O0883,R006,C001,2026-01-11,2026-01-14,Delayed,2,3,1,575.17,92.8,667.97,True,False,,
D0889,O0423,R007,C013,2026-01-31,2026-02-06,Delivered,6,6,0,213.26,0,213.26,False,False,,
D0890,O0752,R006,C014,2026-01-07,2026-01-13,Delivered,6,6,0,237.58,0,237.58,False,False,,
D0891,O0476,R008,C007,2026-02-08,,Failed,4,,2,219.95,87.62,307.57,True,True,Wrong Address,Address Issue
D0892,O0486,R003,C005,2026-03-09,2026-03-13,Delivered,4,4,0,613.71,0,613.71,False,False,,
D0893,O0460,R011,C007,2026-02-10,2026-02-17,Delayed,5,7,2,310.63,68.44,379.07,True,False,,
D0894,O0363,R007,C014,2026-03-20,2026-03-29,Delayed,6,9,3,250.49,39.38,289.87,True,False,,
D0895,O0101,R011,C005,2026-03-16,2026-03-20,Delivered,4,4,0,641.84,0,641.84,False,False,,
D0896,O0603,R004,C013,2026-03-08,2026-03-13,Delayed,3,5,2,341.57,11.16,352.73,True,False,,
D0897,O0009,R002,C014,2026-01-02,,Failed,4,,0,450.49,48.67,499.16,False,True,Customer Unavailable,Customer Issue
D0898,O0743,R005,C005,2026-01-25,,Failed,1,,0,194.91,75.36,270.27,False,True,Customer Unavailable,Customer Issue
D0899,O0916,R004,C014,2026-03-18,2026-03-24,Delivered,6,6,0,246.28,0,246.28,False,False,,
D0900,O0620,R007,C003,2026-03-26,2026-04-02,Delayed,6,7,1,418.8,86.52,505.32,True,False,,
D0901,O0260,R008,C005,2026-03-26,2026-03-29,Delayed,1,3,2,355.67,40.4,396.07,True,False,,
D0902,O0438,R015,C012,2026-03-27,2026-03-30,Delivered,3,3,0,1536.88,0,1536.88,False,False,,
D0903,O0284,R001,C013,2026-02-18,2026-02-22,Delivered,4,4,0,189.56,0,189.56,False,False,,
D0904,O0833,R003,C005,2026-02-26,2026-02-27,Delivered,1,1,0,477.43,0,477.43,False,False,,
D0905,O0183,R008,C011,2026-01-14,2026-01-17,Delayed,2,3,1,179.6,80.77,260.37,True,False,,
D0906,O0935,R012,C008,2026-02-03,2026-02-04,Delivered,1,1,0,273.8,0,273.8,False,False,,
D0907,O0746,R013,C005,2026-02-27,2026-02-28,Delivered,1,1,0,922.29,0,922.29,False,False,,
D0908,O0001,R001,C015,2026-03-27,2026-03-31,Delivered,4,4,0,300.01,0,300.01,False,False,,
D0909,O0927,R010,C007,2026-01-01,2026-01-08,Delayed,5,7,2,586.88,54.43,641.31,True,False,,
D0910,O0746,R013,C013,2026-01-09,2026-01-14,Delivered,5,5,0,707.54,0,707.54,False,False,,
D0911,O0706,R013,C014,2026-03-03,,Failed,1,,1,666.75,43.31,710.06,True,True,Vehicle Breakdown,Carrier Issue
D0912,O0057,R011,C011,2026-01-12,2026-01-16,Delayed,3,4,1,301.84,60.56,362.4,True,False,,
D0913,O0785,R011,C005,2026-01-26,2026-01-29,Delayed,2,3,1,763.11,82.68,845.79,True,False,,
D0914,O0307,R007,C012,2026-01-14,2026-01-22,Delayed,6,8,2,295.95,107.37,403.32,True,False,,
D0915,O0449,R004,C012,2026-01-18,2026-01-19,Delivered,1,1,0,512.29,0,512.29,False,False,,
D0916,O0608,R008,C004,2026-02-19,,Failed,1,,3,249.92,116.14,366.06,True,True,Vehicle Breakdown,Carrier Issue
D0917,O0832,R001,C008,2026-01-05,2026-01-08,Delivered,3,3,0,321.94,0,321.94,False,False,,
D0918,O0044,R002,C007,2026-01-28,,Failed,6,,2,547.23,105.72,652.95,True,True,Weather Conditions,External Issue
D0919,O0550,R012,C003,2026-03-16,2026-03-18,Delivered,2,2,0,593.02,0,593.02,False,False,,
D0920,O0501,R001,C011,2026-03-02,2026-03-07,Delivered,5,5,0,300.32,0,300.32,False,False,,
D0921,O0134,R003,C001,2026-03-22,2026-03-23,Delivered,1,1,0,411.16,0,411.16,False,False,,
D0922,O0175,R010,C014,2026-01-09,2026-01-10,Delivered,1,1,0,656.99,0,656.99,False,False,,
D0923,O0631,R002,C004,2026-01-26,2026-01-30,Delivered,4,4,0,313.21,0,313.21,False,False,,
D0924,O1000,R010,C011,2026-03-11,2026-03-13,Delivered,2,2,0,758.54,0,758.54,False,False,,
D0925,O0608,R006,C003,2026-01-09,2026-01-10,Delivered,1,1,0,540.75,0,540.75,False,False,,
D0926,O0173,R006,C012,2026-03-12,2026-03-14,Delivered,2,2,0,613.04,0,613.04,False,False,,
D0927,O0042,R002,C003,2026-03-22,2026-03-27,Delivered,5,5,0,195.94,0,195.94,False,False,,
D0928,O0499,R001,C002,2026-01-01,,Failed,2,,0,229.06,98.82,327.88,False,True,Vehicle Breakdown,Carrier Issue
D0929,O0792,R012,C008,2026-01-17,2026-01-19,Delivered,2,2,0,491.08,0,491.08,False,False,,
D0930,O0422,R003,C004,2026-03-20,,Failed,6,,0,523.4,77.33,600.73,False,True,Wrong Address,Address Issue
D0931,O0091,R014,C011,2026-02-08,2026-02-11,Delivered,3,3,0,793.28,0,793.28,False,False,,
D0932,O0197,R009,C002,2026-01-13,,Failed,5,,0,374.02,94.74,468.76,False,True,Operational Delay,Operational Issue
D0933,O0676,R005,C004,2026-01-07,2026-01-09,Delivered,2,2,0,414.84,0,414.84,False,False,,
D0934,O0992,R008,C015,2026-03-05,2026-03-07,Delivered,2,2,0,138.51,0,138.51,False,False,,
D0935,O0373,R004,C005,2026-02-25,,Failed,3,,0,228.19,91.45,319.64,False,True,Weather Conditions,External Issue
D0936,O0948,R003,C009,2026-01-21,,Failed,1,,0,245.47,35.88,281.35,False,True,Customer Unavailable,Customer Issue
D0937,O0456,R010,C010,2026-02-11,2026-02-15,Delivered,4,4,0,438.04,0,438.04,False,False,,
D0938,O0113,R004,C006,2026-01-13,2026-01-17,Delayed,2,4,2,575.35,51.31,626.66,True,False,,
D0939,O0226,R008,C002,2026-03-16,2026-03-20,Delivered,4,4,0,161.24,0,161.24,False,False,,
D0940,O0951,R008,C010,2026-01-23,2026-01-27,Delivered,4,4,0,239.44,0,239.44,False,False,,
D0941,O0199,R006,C011,2026-02-04,2026-02-06,Delivered,2,2,0,228.8,0,228.8,False,False,,
D0942,O0583,R005,C001,2026-01-18,2026-01-22,Delayed,1,4,3,335.5,28.83,364.33,True,False,,
D0943,O0352,R015,C004,2026-02-07,,Failed,5,,0,1293.75,70.8,1364.55,False,True,Wrong Address,Address Issue
D0944,O0236,R007,C002,2026-03-08,2026-03-15,Delayed,4,7,3,327.47,102.07,429.54,True,False,,
D0945,O0286,R012,C001,2026-02-24,2026-03-05,Delayed,6,9,3,358.96,57.77,416.73,True,False,,
D0946,O0228,R015,C015,2026-03-17,2026-03-20,Delayed,2,3,1,1101.33,14.86,1116.19,True,False,,
D0947,O0482,R013,C012,2026-03-06,,Failed,1,,0,783.42,97.78,881.2,False,True,Weather Conditions,External Issue
D0948,O0842,R008,C002,2026-03-05,,Failed,2,,0,298.29,54.73,353.02,False,True,Customer Unavailable,Customer Issue
D0949,O0224,R006,C003,2026-02-07,2026-02-11,Delayed,2,4,2,221.85,83.59,305.44,True,False,,
D0950,O0166,R008,C012,2026-03-15,2026-03-22,Delayed,6,7,1,369.11,61.01,430.12,True,False,,
D0951,O0142,R012,C014,2026-02-21,2026-02-26,Delayed,2,5,3,540.87,87.43,628.3,True,False,,
D0952,O0002,R011,C014,2026-01-10,2026-01-16,Delayed,4,6,2,536.08,42.62,578.7,True,False,,
D0953,O0771,R012,C005,2026-03-20,2026-03-26,Delayed,5,6,1,618.09,18.91,637.0,True,False,,
D0954,O0902,R012,C006,2026-01-08,2026-01-15,Delayed,5,7,2,666.23,22.21,688.44,True,False,,
D0955,O0375,R010,C008,2026-01-06,2026-01-09,Delivered,3,3,0,688.9,0,688.9,False,False,,
D0956,O0722,R009,C002,2026-01-27,2026-01-29,Delivered,2,2,0,540.61,0,540.61,False,False,,
D0957,O0665,R012,C008,2026-03-16,2026-03-22,Delivered,6,6,0,393.82,0,393.82,False,False,,
D0958,O0920,R009,C005,2026-03-29,2026-04-02,Delivered,4,4,0,292.95,0,292.95,False,False,,
D0959,O0354,R008,C008,2026-03-06,2026-03-14,Delayed,5,8,3,242.54,68.51,311.05,True,False,,
D0960,O0846,R015,C009,2026-02-07,2026-02-12,Delayed,4,5,1,1559.88,113.99,1673.87,True,False,,
D0961,O0829,R002,C015,2026-01-25,2026-01-29,Delivered,4,4,0,338.46,0,338.46,False,False,,
D0962,O0184,R002,C005,2026-01-14,2026-01-16,Delivered,2,2,0,454.89,0,454.89,False,False,,
D0963,O0509,R014,C003,2026-01-27,2026-02-03,Delayed,5,7,2,594.88,116.65,711.53,True,False,,
D0964,O0555,R003,C015,2026-03-02,2026-03-05,Delivered,3,3,0,532.21,0,532.21,False,False,,
D0965,O0022,R004,C005,2026-01-09,2026-01-13,Delayed,1,4,3,560.68,67.16,627.84,True,False,,
D0966,O0344,R010,C007,2026-02-13,2026-02-21,Delayed,6,8,2,591.69,83.24,674.93,True,False,,
D0967,O0543,R009,C014,2026-02-26,,Failed,4,,0,727.11,43.71,770.82,False,True,Wrong Address,Address Issue
D0968,O0809,R004,C005,2026-03-03,2026-03-06,Delivered,3,3,0,272.3,0,272.3,False,False,,
D0969,O0292,R003,C008,2026-03-21,,Failed,2,,2,293.38,29.29,322.67,True,True,Vehicle Breakdown,Carrier Issue
D0970,O0726,R015,C012,2026-03-27,2026-03-29,Delivered,2,2,0,740.3,0,740.3,False,False,,
D0971,O0325,R003,C010,2026-02-26,2026-03-01,Delivered,3,3,0,303.22,0,303.22,False,False,,
D0972,O0725,R011,C001,2026-02-10,2026-02-13,Delivered,3,3,0,493.18,0,493.18,False,False,,
D0973,O0999,R009,C003,2026-02-08,2026-02-09,Delivered,1,1,0,744.16,0,744.16,False,False,,
D0974,O0787,R008,C003,2026-02-10,,Failed,2,,0,207.82,87.6,295.42,False,True,Operational Delay,Operational Issue
D0975,O0486,R005,C015,2026-03-15,,Failed,6,,0,293.54,22.35,315.89,False,True,Weather Conditions,External Issue
D0976,O0491,R001,C015,2026-01-18,2026-01-25,Delayed,6,7,1,202.02,54.18,256.2,True,False,,
D0977,O0862,R008,C004,2026-02-15,2026-02-16,Delivered,1,1,0,277.04,0,277.04,False,False,,
D0978,O0200,R009,C010,2026-01-29,2026-02-01,Delivered,3,3,0,303.47,0,303.47,False,False,,
D0979,O0870,R011,C008,2026-03-27,2026-03-29,Delayed,1,2,1,361.11,44.95,406.06,True,False,,
D0980,O0620,R001,C009,2026-03-27,2026-03-30,Delivered,3,3,0,303.99,0,303.99,False,False,,
D0981,O0438,R007,C006,2026-02-17,2026-02-18,Delivered,1,1,0,255.41,0,255.41,False,False,,
D0982,O0457,R009,C014,2026-01-12,2026-01-16,Delayed,2,4,2,645.59,55.72,701.31,True,False,,
D0983,O0454,R003,C005,2026-02-24,2026-03-02,Delivered,6,6,0,574.27,0,574.27,False,False,,
D0984,O0613,R003,C002,2026-01-27,,Failed,3,,0,243.43,115.61,359.04,False,True,Vehicle Breakdown,Carrier Issue
D0985,O0775,R002,C007,2026-01-01,2026-01-07,Delayed,4,6,2,347.52,71.14,418.66,True,False,,
D0986,O0728,R013,C010,2026-01-18,2026-01-20,Delivered,2,2,0,631.57,0,631.57,False,False,,
D0987,O0503,R014,C001,2026-02-08,2026-02-13,Delivered,5,5,0,794.46,0,794.46,False,False,,
D0988,O0475,R001,C004,2026-01-01,2026-01-03,Delivered,2,2,0,364.01,0,364.01,False,False,,
D0989,O0855,R008,C011,2026-01-16,2026-01-24,Delayed,6,8,2,229.29,64.11,293.4,True,False,,
D0990,O0705,R004,C011,2026-01-04,2026-01-08,Delayed,1,4,3,417.08,116.77,533.85,True,False,,
D0991,O0614,R006,C012,2026-03-16,2026-03-21,Delayed,4,5,1,588.39,79.08,667.47,True,False,,
D0992,O0488,R014,C012,2026-01-16,,Failed,3,,1,1008.96,27.91,1036.87,True,True,Customer Unavailable,Customer Issue
D0993,O0060,R006,C003,2026-03-01,2026-03-07,Delivered,6,6,0,285.22,0,285.22,False,False,,
D0994,O0280,R007,C006,2026-03-23,2026-03-26,Delivered,3,3,0,237.5,0,237.5,False,False,,
D0995,O0655,R002,C015,2026-03-07,2026-03-12,Delayed,2,5,3,480.58,75.86,556.44,True,False,,
D0996,O0172,R006,C009,2026-02-10,2026-02-19,Delayed,6,9,3,331.73,86.78,418.51,True,False,,
D0997,O0372,R009,C002,2026-03-16,2026-03-22,Delayed,3,6,3,266.71,67.0,333.71,True,False,,
D0998,O0382,R008,C013,2026-02-22,2026-02-25,Delivered,3,3,0,179.47,0,179.47,False,False,,
D0999,O0516,R014,C004,2026-01-25,,Failed,5,,1,909.41,87.25,996.66,True,True,Operational Delay,Operational Issue
D1000,O0822,R007,C002,2026-02-28,2026-03-01,Delivered,1,1,0,427.02,0,427.02,False,False,,
